aa_change,label,fb_z,heparan_z,aim_z,combined_z,panel_is2b,panel_is2m,label_agrees
P1266Q,2B,-1.2810764395509016,1.5822360226497891,0.7220573301601355,0.151,True,False,True
P1266L,2B,-0.7877261039554659,-0.47560339174601807,0.6283844665167587,-0.632,True,False,True
H1268D,2B,0.9513180367541844,0.06304426920886211,-0.07052725445876748,0.507,True,False,True
H1268Q,2B,0.41232805743689027,1.2410398503147326,1.1121186115842179,0.827,True,False,True
H1268N,2B,1.5359476597933346,0.7829523967167407,-0.38581640525842414,1.159,True,False,True
L1276R,2M,-0.9202232011272229,0.8263917242131016,0.16687426027378183,-0.047,False,True,True
L1276P,2M,0.25314203365961796,1.1560369844638982,-0.5010901066377443,0.705,False,True,True
L1282R,2M,-1.0633011153556051,-1.2803169336161115,-1.8424190498947848,-1.172,False,True,True
E1290L,2M,-0.7878840265981014,-1.122257016975942,-0.7746314845054314,-0.955,False,True,True
L1296P,2M,-1.2185390730669732,-0.8625095836965635,1.2778635011350254,-1.041,False,True,True
D1302G,2M,-1.3169248794293156,1.5227043988309112,2.386360337642119,0.103,False,True,True
M1304V,2B,-0.1977271110666854,1.8221395813228753,-1.3316838576573964,0.812,True,False,True
R1306P,2B,-0.3556497537028679,0.8524553207109192,-0.10708251831959698,0.248,True,False,True
R1306E,2B,-0.2861637909429479,-1.4194215073487775,0.00902198451110652,-0.853,True,False,True
R1306W,2B,-0.03175041365605654,0.08555373891152154,1.2635321760986757,0.027,True,False,True
R1306Q,2B,0.04342076423876645,-0.6005901840423667,-0.5285065545333664,-0.279,True,False,True
R1306L,2B,-0.6591770728496122,1.1956260079321726,-0.17707754059857192,0.268,True,False,True
R1308S,2B,1.1220324134438981,0.9401237816581212,1.4639630262447039,1.031,True,False,True
R1308L,2B,0.5489311433171895,0.5535137669405047,-1.036749342416608,0.551,True,False,True
R1308P,2B,-1.0861998985378518,0.756098994264444,-0.17105423007604859,-0.165,True,False,True
R1308C,2B,-0.41234398240925824,1.3517114096861436,-1.1576309535927625,0.47,True,False,True
I1309V,2B,0.9249449554339417,1.1271103413810941,1.046277596562155,1.026,True,False,True
S1310F,2B,-1.4391570048297213,0.2109354341851103,0.44747745047822035,-0.614,True,False,True
S1310P,2B,-0.6296455386766462,-0.46810023517846494,0.22876896840177743,-0.549,True,False,True
W1313C,2B,1.1717780458742957,-1.879286024344348,0.44747745047822035,-0.354,True,False,True
V1314D,2B,0.41469689707643365,0.3814347946083285,-0.2227716204246088,0.398,True,False,True
V1314M,2B,-0.6893402975931235,-0.5007784565450462,-1.1950170189049751,-0.595,True,False,True
V1314L,2B,-0.2861637909429479,0.36860044784803914,-0.8275950770310666,0.041,True,False,True
V1314F,2B,-0.32975044031053424,-0.19739424428068605,-0.7480458380611926,-0.264,True,False,True
R1315G,2M,0.6801648593478575,0.5360393101976508,0.44270034213276965,0.608,False,True,True
R1315L,2M,-0.9979211413042256,-1.368775200517793,0.6726246438028759,-1.183,False,True,True
R1315P,2M,2.0929408203711524,0.2713555897027766,-0.7503305420524934,1.182,False,True,True
V1316M,2B,-0.9191177426287702,-0.049700530793057876,0.008191183059725498,-0.484,True,False,True
Y1321W,2M,-0.8799529272549962,0.2557569221018103,-0.3648386686110147,-0.312,False,True,True
Y1321C,2M,0.752493429675229,-0.5280267619745818,0.5706437656456752,0.112,False,True,True
H1322P,2M,-0.13692689365175453,-0.29690979454507777,-0.3687849755050821,-0.217,False,True,True
G1324A,2M,0.12711976483594398,-0.3184320068046382,1.5256500340098549,-0.096,False,True,True
G1324S,2M,0.23292793540218648,1.5416597417384146,0.7476044747901462,0.887,False,True,True
G1324R,2M,-0.11213303875787353,-1.3316543206572657,-1.5078137653504842,-0.722,False,True,True
P1337L,2B,1.7005030534202372,-1.8837286828382942,0.19283680562948427,-0.092,True,False,True
L1340P,2B,-0.015326458821893717,1.4839051813171158,-0.35549215228296266,0.734,True,False,True
R1341L,2B,-1.4606344842282424,0.30502106851245686,-0.06761944937892814,-0.578,True,False,True
R1341E,2B,-1.175426191627295,1.6135320835960312,1.2795251040377897,0.219,True,False,True
R1341W,2B,-1.5670743453650298,0.7663664716726754,-1.3291914533032487,-0.4,True,False,True
R1341Q,2B,0.886411830630713,-1.1080405097953148,1.3825444840092185,-0.111,True,False,True
Y1349C,2M,-2.0222074014425093,-1.095699791756576,1.4396620837917657,-1.559,False,True,True
A1355D,2M,-0.6378575160937272,0.8937226818324621,-1.5229758918382148,0.128,False,True,True
S1358N,2M,-0.1625103617588164,-2.0426771311772525,-0.994586168758947,-1.103,False,True,True
E1359K,2M,-0.9368050786040221,1.0153527988222737,1.2377773311058202,0.039,False,True,True
V1360A,2M,0.7813932732776505,-0.7815544733624358,0.0754861006217081,-0.0,False,True,True
L1361W,2M,2.287975284026839,0.5089884562567342,-1.5661775673101042,1.398,False,True,True
K1362T,2M,1.992028251726631,2.16491536556689,-0.9073520163637854,2.078,False,True,True
Y1363C,2M,1.4217695891673738,-1.7766112502620393,-0.819702463242932,-0.177,False,True,True
L1365R,2M,-1.035506730251637,-1.601965408577805,-1.2126715497468536,-1.319,False,True,True
F1369I,2M,0.4470710388168512,-1.0375503283580378,0.3162108211597861,-0.295,False,True,True
I1372S,2B,-0.8717409498379153,-1.516468914005421,-1.1248142962631533,-1.194,True,False,True
D1373Y,2M,-0.5364711795212979,0.4206289150993639,1.2427621398141133,-0.058,False,True,True
R1374S,2M,1.1687775156642077,-0.11505697352621926,-0.8838818753622305,0.527,False,True,True
R1374L,2M,-0.5881118836633297,-1.1278843844016073,-1.1094444694125778,-0.858,False,True,True
A1377V,2M,-1.2149068522863409,0.9659899266673176,0.5631665525832321,-0.124,False,True,True
L1382P,2M,-0.04470007035222336,-0.8455287556752586,-0.8811817706452358,-0.445,False,True,True
L1383R,2M,-0.05591257797939219,0.9630281543380206,1.710087956216769,0.454,False,True,True
S1387I,2M,0.04310491895349465,0.011410704934777973,-2.0899978824067684,0.027,False,True,True
S1387R,2M,-1.400939725311765,-0.2123018316714829,0.9953910076649757,-0.807,False,True,True
S1394F,2M,-0.4216614183247927,-0.6580485672307361,0.10497955214578623,-0.54,False,True,True
R1399C,2M,2.001977378212711,-0.4013616320249645,-0.9177370345060677,0.8,False,True,True
Q1402P,2M,0.14306995174219866,0.18003427621610815,0.14984283052043978,0.162,False,True,True
V1439M,2M,1.0643906488816914,0.24993210318752565,-0.6946668448098657,0.657,False,False,False
L1460F,2B,-0.4532459468520294,0.8783214657201157,0.6285921668796034,0.213,True,False,True
L1460P,2B,2.5068560667205886,1.0557316282450282,-2.3654085635400657,1.781,True,False,True
L1460V,2B,0.1438595649553795,0.02572593785971529,0.6323307734108261,0.085,True,False,True
A1461D,2B,0.6749534121408635,-0.15277020785260612,-0.7038056607750731,0.261,True,False,True
A1461V,2B,2.3743589695488305,-0.9938148236287468,-0.5054518142575033,0.69,True,False,True
