aa_change,protein_pos,ref_aa,alt_aa,domain,type2_subtype,fb_binding_zscore,heparan_zscore,ag_rna_delta,ag_splice_delta,ag_delta_score,af3_plddt_mean,af3_plddt_min,af3_pae_interface,foldx_ddg_bind,boltz2_iptm,boltz2_delta_iptm,aim_release_score,aim_sb_retained_z,md_face_destab_score,pred_base,confidence_base,pred_with_md,confidence_with_md,main_subtype,confidence,hotspot,conflict_ref_2M
A1461D,1461,A,D,A1,2B,2.4515408565019023,-0.86166839728034,,,,,,,,,,,3.446,,2B,0.8,2B,0.8,2B,0.8,True,False
C1272F,1272,C,F,A1,2B,-0.05719353287743191,-0.5054143969643294,,,,,,,,,,,8.839,,uncertain,0.35,2B,0.55,2B,0.55,False,False
C1272R,1272,C,R,A1,2B,-0.8074769827499465,-1.1766613410625753,,,,,,,,,,,0.699,,2M,0.72,2M,0.72,2M,0.72,False,False
C1272S,1272,C,S,A1,2B,0.43636602394172974,1.5664944613707068,,,,,,,,,,,4.145,,uncertain,0.35,2B,0.55,2B,0.55,False,False
D1472H,1472,D,H,A1,2B,-0.7499668530601377,-0.47119791105827186,,,,,,,,,,,,,2B,0.8,2B,0.8,2B,0.8,False,False
E1389K,1389,E,K,A1,2B,0.6168517047261717,0.9267468116506842,,,,,,,,,,,9.039,,uncertain,0.35,2B,0.55,2B,0.55,False,False
H1268D,1268,H,D,A1,2B,1.6381122786414428,0.057446796190316965,,,,,,,,,,,4.145,,2B,0.8,2B,0.8,2B,0.8,False,False
H1268N,1268,H,N,A1,2B,0.9706964508003524,1.3256707826260137,,,,,,,,,,,1.298,,2B,0.8,2B,0.8,2B,0.8,False,False
H1268Q,1268,H,Q,A1,2B,-1.3928538647799265,-0.4629456997515169,,,,,,,,,,,0.699,,2M,0.72,2M,0.72,2M,0.72,False,False
I1309V,1309,I,V,A1,2B,0.6672352189212774,0.04325701821162819,,,,,,,,,,,,,2B,0.6,2B,0.6,2B,0.6,True,False
L1340P,1340,L,P,A1,2B,0.32764370383650115,1.2157754808336168,,,,,,,,,,,8.04,,uncertain,0.35,2B,0.55,2B,0.55,False,False
L1446P,1446,L,P,A1,2B,0.36277957557782514,-0.5736460953299384,,,,,,,,,,,-0.849,,uncertain,0.35,uncertain,0.35,uncertain,0.35,False,False
L1460P,1460,L,P,A1,2B,-0.2951893433516827,1.0407682190964578,,,,,,,,,,,2.896,,2B,0.8,2B,0.8,2B,0.8,False,False
L1460V,1460,L,V,A1,2B,1.3629917734971146,-0.33936380359669727,,,,,,,,,,,1.698,,2B,0.8,2B,0.8,2B,0.8,False,False
M1303M,1303,M,M,A1,2B,-1.007685157577867,0.0593588939321263,,,,,,,,,,,,,uncertain,0.35,uncertain,0.35,uncertain,0.35,False,False
M1304V,1304,M,V,A1,2B,-0.016091192349845834,1.4342578070161194,,,,,,,,,,,-0.25,,2B,0.6,2B,0.6,2B,0.6,True,False
N1421K,1421,N,K,A1,2B,0.391120302312572,-0.907357469637252,,,,,,,,,,,4.444,,uncertain,0.35,2B,0.55,2B,0.55,False,False
R1306E,1306,R,E,A1,2B,-0.7486409711076354,1.4450259364042022,,,,,,,,,,,4.444,,2B,0.6,2B,0.72,2B,0.72,True,False
R1306P,1306,R,P,A1,2B,-0.41816489444631577,-0.2717359255706071,,,,,,,,,,,-0.749,,2B,0.6,2B,0.6,2B,0.6,True,False
R1306W,1306,R,W,A1,2B,0.5107811485259486,-0.3716681917609456,,,,,,,,,,,,,2B,0.6,2B,0.6,2B,0.6,True,False
R1308C,1308,R,C,A1,2B,-0.38336049319311777,2.2417668743990764,,,,,,,,,,,,,2B,0.6,2B,0.6,2B,0.6,True,False
R1308P,1308,R,P,A1,2B,-0.12149880757381694,-0.6800191118084756,,,,,,,,,,,-0.849,,2B,0.6,2B,0.6,2B,0.6,True,False
R1308S,1308,R,S,A1,2B,0.3258206161518098,1.6697477394283973,,,,,,,,,,,1.398,,2B,0.6,2B,0.72,2B,0.72,True,False
R1341E,1341,R,E,A1,2B,0.11434244472761555,1.6830317868978077,,,,,,,,,,,-0.849,,2B,0.6,2B,0.6,2B,0.6,True,False
R1341L,1341,R,L,A1,2B,-0.9218343011533112,0.9112487562697054,,,,,,,,,,,4.544,,2B,0.6,2B,0.72,2B,0.72,True,False
R1374C,1374,R,C,A1,2B,-0.8805662253816621,0.32987040603648704,,,,,,,,,,,-0.849,,uncertain,0.35,uncertain,0.35,uncertain,0.35,False,True
R1374H,1374,R,H,A1,2B,-0.49920942879304864,-0.29920975101870634,,,,,,,,,,,0.05,,uncertain,0.35,uncertain,0.35,uncertain,0.35,False,True
S1285F,1285,S,F,A1,2B,0.5485687841722781,-1.2921922993571457,,,,,,,,,,,1.498,,uncertain,0.35,2B,0.55,2B,0.55,False,False
S1310F,1310,S,F,A1,2B,-1.0655267577558007,-0.11001271130285907,,,,,,,,,,,,,2B,0.6,2B,0.6,2B,0.6,True,False
S1310P,1310,S,P,A1,2B,-0.23022112767904557,-0.3979343765300074,,,,,,,,,,,3.645,,2B,0.6,2B,0.72,2B,0.72,True,False
V1314D,1314,V,D,A1,2B,-0.11768689696037223,0.20427577541660485,,,,,,,,,,,-0.849,,2B,0.6,2B,0.6,2B,0.6,True,False
V1314F,1314,V,F,A1,2B,-0.7557675866023377,0.3768677557956891,,,,,,,,,,,,,2B,0.6,2B,0.6,2B,0.6,True,False
V1314L,1314,V,L,A1,2B,-0.25806464868160434,-0.631713484646983,,,,,,,,,,,1.698,,2B,0.6,2B,0.72,2B,0.72,True,False
V1314M,1314,V,M,A1,2B,-1.0106683919709984,-0.3451000968221247,,,,,,,,,,,2.797,,2B,0.6,2B,0.72,2B,0.72,True,False
V1316M,1316,V,M,A1,2B,-1.4356135577481413,-0.8852173905215679,,,,,,,,,,,-0.849,,2M,0.72,2M,0.77,2M,0.77,True,False
W1313C,1313,W,C,A1,2B,0.6871234482088198,-1.2446917659816776,,,,,,,,,,,,,2B,0.6,2B,0.6,2B,0.6,True,False
