variant_id,aa_change_calc,source_labels,is_Type2B,is_Type2M,fb_binding_zscore,aim_global_zscore_existing_not_release,heparan_zscore
VWF_R924Q,R924Q,Negative_GeneBe|Type1|Type2B|Type2N,True,False,,,
VWF_Y1258C,Y1258C,Type2B,True,False,,1.2471238474338724,
VWF_P1266L,P1266L,Negative_ClinVar|Negative_GeneBe|Type2B,True,False,-0.7877261039554659,0.6283844665167587,-0.475603391746018
VWF_P1266Q,P1266Q,Type2B,True,False,-1.2810764395509016,0.7220573301601355,1.5822360226497891
VWF_H1268D,H1268D,Type2B,True,False,0.9513180367541844,-0.0705272544587674,0.0630442692088621
VWF_H1268N,H1268N,Type2B,True,False,1.5359476597933346,-0.3858164052584241,0.7829523967167407
VWF_H1268Q,H1268Q,Type2B,True,False,0.4123280574368902,1.112118611584218,1.2410398503147326
VWF_C1272R,C1272R,Type2A|Type2B,True,False,1.1108199058167294,0.8713938910461374,0.475520428935674
VWF_L1276P,L1276P,Type2M,False,True,0.2531420336596179,-0.5010901066377443,1.1560369844638982
VWF_L1276R,L1276R,Type2M,False,True,-0.9202232011272228,0.1668742602737818,0.8263917242131016
VWF_L1278P,L1278P,Type2A|Type2M,False,True,-1.024136299981832,-1.021171815203188,-0.5991092978777183
VWF_V1279F,V1279F,Type2A|Type2M,False,True,-0.7474558300832383,0.8180148977948128,-0.5743291360559302
VWF_V1279I,V1279I,Negative_GeneBe|Type2M|Type3,False,True,-1.2832873565478082,0.4246304105652019,-1.4137941399231124
VWF_L1282R,L1282R,Type2M,False,True,-1.0633011153556051,-1.8424190498947848,-1.2803169336161115
VWF_S1285F,S1285F,Type2A|Type2M,False,True,-0.6241182461843796,0.8533239594785696,-1.3200046828286964
VWF_L1288R,L1288R,Type2A|Type2M,False,True,-0.209729231907035,-0.0738504602642961,-1.2375686863299196
VWF_E1290L,E1290L,Type2M,False,True,-0.7878840265981014,-0.7746314845054314,-1.122257016975942
VWF_L1296P,L1296P,Type2M,False,True,-1.2185390730669732,1.2778635011350254,-0.8625095836965635
VWF_D1302G,D1302G,Type2M,False,True,-1.3169248794293156,2.386360337642119,1.5227043988309112
VWF_M1303M,M1303M,Type2B,True,False,0.6601086837330623,0.8628781761694687,0.0063756919749723
VWF_M1304R,M1304R,Type1|Type2A|Type2M,False,True,-1.3267160832727587,-1.0676966964806085,-1.4425233315172972
VWF_M1304V,M1304V,Type2B,True,False,-0.1977271110666854,-1.3316838576573964,1.8221395813228756
VWF_R1306E,R1306E,Type2B,True,False,-0.2861637909429479,0.0090219845111065,-1.4194215073487777
VWF_R1306L,R1306L,Type2B,True,False,-0.6591770728496122,-0.1770775405985719,1.1956260079321726
VWF_R1306P,R1306P,Type2B,True,False,-0.3556497537028679,-0.1070825183195969,0.8524553207109192
VWF_R1306Q,R1306Q,Type2B,True,False,0.0434207642387664,-0.5285065545333664,-0.6005901840423667
VWF_R1306W,R1306W,Type2B,True,False,-0.0317504136560565,1.2635321760986755,0.0855537389115215
VWF_R1308C,R1308C,Type2B,True,False,-0.4123439824092582,-1.1576309535927625,1.3517114096861436
VWF_R1308L,R1308L,Type2B,True,False,0.5489311433171895,-1.036749342416608,0.5535137669405047
VWF_R1308P,R1308P,Type2B,True,False,-1.0861998985378518,-0.1710542300760485,0.756098994264444
VWF_R1308S,R1308S,Type2B,True,False,1.122032413443898,1.463963026244704,0.9401237816581212
VWF_I1309V,I1309V,Type2B,True,False,0.9249449554339416,1.046277596562155,1.127110341381094
VWF_S1310F,S1310F,Type2B,True,False,-1.4391570048297213,0.4474774504782203,0.2109354341851103
VWF_S1310P,S1310P,Type2B,True,False,-0.6296455386766462,0.2287689684017774,-0.4681002351784649
VWF_W1313C,W1313C,Type2B,True,False,1.1717780458742957,0.4474774504782203,-1.879286024344348
VWF_V1314D,V1314D,Type2B,True,False,0.4146968970764336,-0.2227716204246088,0.3814347946083285
VWF_V1314F,V1314F,Type2B,True,False,-0.3297504403105342,-0.7480458380611926,-0.197394244280686
VWF_V1314L,V1314L,Type2B,True,False,-0.2861637909429479,-0.8275950770310666,0.3686004478480391
VWF_V1314M,V1314M,Type2B,True,False,-0.6893402975931235,-1.1950170189049751,-0.5007784565450462
VWF_R1315C,R1315C,Type1|Type2A|Type2M|Type3,False,True,-0.5993243912904985,-0.905482713098174,0.4587370524029897
VWF_R1315G,R1315G,Type2M,False,True,0.6801648593478575,0.4427003421327696,0.5360393101976508
VWF_R1315H,R1315H,Type1|Type2M,False,True,2.1144182997696737,-0.8560500267409168,-2.355539014895364
VWF_R1315L,R1315L,Type2M,False,True,-0.9979211413042256,0.6726246438028759,-1.368775200517793
VWF_R1315P,R1315P,Type2M,False,True,2.0929408203711524,-0.7503305420524934,0.2713555897027766
VWF_V1316M,V1316M,Type2B,True,False,-0.9191177426287702,0.0081911830597254,-0.0497005307930578
VWF_Y1321C,Y1321C,Type2M,False,True,0.752493429675229,0.5706437656456752,-0.5280267619745818
VWF_Y1321W,Y1321W,Type2M,False,True,-0.8799529272549962,-0.3648386686110147,0.2557569221018103
VWF_H1322P,H1322P,Type2M,False,True,-0.1369268936517545,-0.3687849755050821,-0.2969097945450777
VWF_G1324A,G1324A,Type2M,False,True,0.1271197648359439,1.5256500340098549,-0.3184320068046382
VWF_G1324R,G1324R,Type2M,False,True,-0.1121330387578735,-1.5078137653504842,-1.3316543206572655
VWF_G1324S,G1324S,Type2M,False,True,0.2329279354021864,0.7476044747901462,1.5416597417384146
VWF_P1337L,P1337L,Type2B,True,False,1.7005030534202372,0.1928368056294842,-1.8837286828382944
VWF_L1340P,L1340P,Type2B,True,False,-0.0153264588218937,-0.3554921522829626,1.4839051813171158
VWF_R1341E,R1341E,Type2B,True,False,-1.175426191627295,1.2795251040377895,1.6135320835960312
VWF_R1341L,R1341L,Type2B,True,False,-1.4606344842282424,-0.0676194493789281,0.3050210685124568
VWF_R1341Q,R1341Q,Type2B,True,False,0.886411830630713,1.3825444840092185,-1.1080405097953148
VWF_R1341W,R1341W,Type2B,True,False,-1.5670743453650298,-1.3291914533032487,0.7663664716726754
VWF_Y1349C,Y1349C,Type2M,False,True,-2.0222074014425093,1.4396620837917655,-1.095699791756576
VWF_A1355D,A1355D,Type2M,False,True,-0.6378575160937272,-1.5229758918382148,0.8937226818324621
VWF_S1358N,S1358N,Type2M,False,True,-0.1625103617588164,-0.994586168758947,-2.0426771311772525
VWF_E1359K,E1359K,Type2M,False,True,-0.936805078604022,1.2377773311058202,1.0153527988222737
VWF_V1360A,V1360A,Type2M,False,True,0.7813932732776505,0.0754861006217081,-0.7815544733624358
VWF_L1361S,L1361S,Type1|Type2M,False,True,0.3199433114947236,-1.3188064351609663,-1.1817886407948195
VWF_L1361W,L1361W,Type2M,False,True,2.287975284026839,-1.5661775673101042,0.5089884562567342
VWF_K1362T,K1362T,Type2M,False,True,1.992028251726631,-0.9073520163637854,2.16491536556689
VWF_Y1363C,Y1363C,Type2M,False,True,1.4217695891673738,-0.819702463242932,-1.7766112502620393
VWF_L1365R,L1365R,Type2M,False,True,-1.035506730251637,-1.2126715497468536,-1.601965408577805
VWF_F1369I,F1369I,Type2M,False,True,0.4470710388168512,0.3162108211597861,-1.0375503283580378
VWF_I1372S,I1372S,Type2B,True,False,-0.8717409498379153,-1.124814296263153,-1.516468914005421
VWF_D1373Y,D1373Y,Type2M,False,True,-0.5364711795212979,1.242762139814113,0.4206289150993639
VWF_R1374C,R1374C,Type1|Type2A|Type2M,False,True,-0.0001658851288198,-0.7804470946651101,0.4934885144000784
VWF_R1374L,R1374L,Type2M,False,True,-0.5881118836633297,-1.1094444694125778,-1.127884384401607
VWF_R1374S,R1374S,Type2M,False,True,1.1687775156642075,-0.8838818753622305,-0.1150569735262192
VWF_A1377V,A1377V,Type2M,False,True,-1.2149068522863409,0.5631665525832321,0.9659899266673176
VWF_S1378F,S1378F,Type1|Type2M,False,True,-1.3038173000905124,-1.0608425845067015,-0.3575274015513635
VWF_L1382P,L1382P,Type2M,False,True,-0.0447000703522233,-0.8811817706452358,-0.8455287556752586
VWF_L1383R,L1383R,Type2M,False,True,-0.0559125779793921,1.710087956216769,0.9630281543380206
VWF_S1387I,S1387I,Type2M,False,True,0.0431049189534946,-2.0899978824067684,0.0114107049347779
VWF_S1387R,S1387R,Type2M,False,True,-1.400939725311765,0.9953910076649756,-0.2123018316714829
VWF_E1389K,E1389K,Type2A|Type2B,True,False,0.2065548540819438,0.133642202218481,0.5732589158024871
VWF_S1394F,S1394F,Type2M,False,True,-0.4216614183247927,0.1049795521457862,-0.6580485672307361
VWF_R1399C,R1399C,Type2M,False,True,2.001977378212711,-0.9177370345060676,-0.4013616320249645
VWF_Q1402P,Q1402P,Type2M,False,True,0.1430699517421986,0.1498428305204397,0.1800342762161081
VWF_L1460F,L1460F,Type2B,True,False,-0.4532459468520294,0.6285921668796034,0.8783214657201157
VWF_L1460P,L1460P,Type2B,True,False,2.5068560667205886,-2.3654085635400657,1.0557316282450282
VWF_L1460V,L1460V,Type2B,True,False,0.1438595649553795,0.6323307734108261,0.0257259378597152
VWF_A1461D,A1461D,Type2B,True,False,0.6749534121408635,-0.7038056607750731,-0.1527702078526061
VWF_A1461V,A1461V,Type2B,True,False,2.3743589695488305,-0.5054518142575033,-0.9938148236287468
VWF_A2178S,A2178S,Negative_ClinVar|Negative_GeneBe|Type2B,True,False,,,
