variant,label,xtc,tpr,final_gro,xtc_bytes,tpr_bytes,final_gro_bytes,xtc_sha256,tpr_sha256,final_gro_sha256
WT,WT,variants/WT/prod_concat.xtc,variants/WT/md_prod.tpr,variants/WT/final.gro,64045928,1906652,2408197,e3372e191aafae993793e9a7dd3ba7712c2da50e536e62aef62a772e29e3a731,7979959a65d4d190b238b000d9ac31c91874c2fd950632ca8cb91c76289da85e,1d2578529f8227367c7ae8f02062411e1dee0132ad489d72fb971e7c69915852
R1306W,2B,variants/R1306W/prod_concat.xtc,variants/R1306W/md_prod.tpr,variants/R1306W/final.gro,64555124,1913984,2427120,5987e1d819ef9cc57f2768f645ee19cf73747fc7bddec595483dfd3411c0fe2a,e8f3a8dc6e9b3ba3c516d8698df7e928f3353dd6433c7495f4168ab447d2c759,9a6d2ea5dd45f3126c6c0d42064214e5a3e7c41d86e5e4d3639cb0ed428e3ca4
R1306Q,2B,variants/R1306Q/prod_concat.xtc,variants/R1306Q/md_prod.tpr,variants/R1306Q/final.gro,64586412,1912500,2428293,55d5e86ba8ca980b656297b7928f60fc8d34dbdfc6c5b9ef66ab4b64df563b37,12f4bc7f4ef984bf53435d04d1a31c1e10cc4924f8ec78c1b02fde282a93ab7f,315eec870cb3db5303234bcb66740bd1769932e8339378fe59bb0e8857119a3b
R1308C,2B,variants/R1308C/prod_concat.xtc,variants/R1308C/md_prod.tpr,variants/R1308C/final.gro,64579228,1912336,2428293,923bfc6032ce1001b96078b96a3747b8b0b8000bb136704c26108062faa82b00,4564681f16c979455d469809ec8686a4afc83bea6abf1880fca70045143fa979,fb8c52bf4a080e045e812676e12cb8e7508804dea6da7ac233bd9e1e1a119312
I1309V,2B,variants/I1309V/prod_concat.xtc,variants/I1309V/md_prod.tpr,variants/I1309V/final.gro,64573840,1913028,2428017,10edc57bafd75f4d9a8b3b66efa69a11276b3fc0f1a69c3d603e2db06f958e33,546e071e256bcb9a35fd6cca35febc81d4cad2dd0b45d0782c5247a9631fc8bd,e53ccc8e3591c422025e3e54b646477cf527767f65f271ca2af7c4979f3b9801
S1310F,2B,variants/S1310F/prod_concat.xtc,variants/S1310F/md_prod.tpr,variants/S1310F/final.gro,64591292,1916040,2428431,12c5d34af7317f65aceaf788907945acba03731bcd51e5335af34be0afc98188,a198ed656ba4a7c552a8f5ff282f5d59cfb08e93320d44f28228d39f22e7c58c,c892853dd6602b9453dca16af7d5e456d835cb79fbe1c391b2bb62e938dd282a
W1313C,2B,variants/W1313C/prod_concat.xtc,variants/W1313C/md_prod.tpr,variants/W1313C/final.gro,64590520,1908512,2428362,a6c775fe4cfea4500610ee3f1c6de6a61a69ad0a4bf56cc7a3ae1158b00e32de,4ca4606ae5af5c5db825f23fb9d62ac736bbc71c7615686518818a4d2b216e03,bc0467d2adbcd54503e3374a3a4bb81ec685651c27b08f9ef698243949f335db
V1314F,2B,variants/V1314F/prod_concat.xtc,variants/V1314F/md_prod.tpr,variants/V1314F/final.gro,64571516,1914556,2427879,35e29408fe13b441dd40aeb4dc93a673c0fdb1c1917bcfb22383c659f0e7308e,43eee449382c0448bee90059c7fc67ab5acd18b74ae05c5e12a0466a4ed866d6,c1dfbae4e74b49da1aaaa9a917fd1f30462b1c3d940d34e26ceb9b69fd11d764
V1316M,2B,variants/V1316M/prod_concat.xtc,variants/V1316M/md_prod.tpr,variants/V1316M/final.gro,64578000,1913764,2428086,397b7bcfbdffd1b11ac90b097519e0f17a4b069d9020fe1f9c20ddb9b7315efb,b8c7cc7a48c2c331f66697e8faf40115bb35ec1c7d70243619db30f3529515f7,ee553cc841117713a303d9d3ac8a772528194033360599c56f8d8d903b8c5b41
R1374C,2M,variants/R1374C/prod_concat.xtc,variants/R1374C/md_prod.tpr,variants/R1374C/final.gro,64560900,1912036,2427465,08aff43421f3bdbbf8eb8d6425f48bf28b0b56a7c5c4009cbd464578e5add572,290b04c527c10bb6cc6669f55dedc0879e94886eafd6755cb851835ef3b9aa33,a99a3db51a1ca0ae6f2f9bf4bc6ec9e9aab6e43d6923ada4eccad659fcb66437
R1374H,2M,variants/R1374H/prod_concat.xtc,variants/R1374H/md_prod.tpr,variants/R1374H/final.gro,64578720,1912588,2428086,f3de229dd7ffe0c3226106d20bdcf08f059b94ddd519912d7c07d2ae245e2e73,a50bf2fb7ffb42f247c53150178ce4a9e045396443c983b9f3042401059d2d99,6a8c6e0c0dc5d4b5ecafcdf62eb71062db1d9c065632258acf2509b517479430
G1324S,2M,variants/G1324S/prod_concat.xtc,variants/G1324S/md_prod.tpr,variants/G1324S/final.gro,64581980,1914860,2427879,2ffba0949cdf1df05df04844a1944c0c2331beb42f2d5f59a353aef8fd32e5ec,1a92d7194146d767980f76093216b255e6d007053243e02eae8eece9094fd4be,00e831046c27349849518aeda788efbe42672d47655f4e7319943c372c1d2249
P1337L,?,variants/P1337L/prod_concat.xtc,variants/P1337L/md_prod.tpr,variants/P1337L/final.gro,64577072,1914416,2427948,9a7cfb60562afe6f02efe14e73433085a658b33ffa9e9ea98911211aa9407f88,4f2ad443760b34bd238ad54b8ddb2b7193f7c5c090b085bb786aec4565e36740,b88d36f8c8bf5c6d21a5253f0ef52229f7add6ed222f2108078e25cff2938e1b
R1341Q,?,variants/R1341Q/prod_concat.xtc,variants/R1341Q/md_prod.tpr,variants/R1341Q/final.gro,64582656,1912500,2428293,418f4a6099a83173c7bc792f9423e29287b53a501b7845ecf1e6c6572d93975f,93bec2229b7401140ae9978aefee9e9d2ace8f681ede0f3d3d8f5f49cb17cd68,fe29a4940ea56bb47f24ffcd766a7872ba9ebe09c2663a3dea4170c4bf5638eb
R1341W,?,variants/R1341W/prod_concat.xtc,variants/R1341W/md_prod.tpr,variants/R1341W/final.gro,64576760,1914360,2428155,007e37504e4e99baffb88998d48abe1b5c90e86d1fa41e0521f8c3b2d9621f41,a8f013a6b0d1b391b2c6bfe6b6f5497789cc5ae0b060fe2adf2bb5429ffd8f17,003681ab3c32796eeb00e362c953460429f775c3cfee5f3b4976938c9b9b50f6
