job_name,variant_id,aa_change,assay_key,true_label,n_models,chain_a_residues,chain_b_residues,contact_pairs_5a,near_pairs_8a,sidechain_contact_pairs_5a,a1_interface_residue_count,gpib_interface_residue_count,min_interchain_distance_a,p05_interchain_distance_a,p10_interchain_distance_a,interface_pae_mean,interface_pae_median,interface_pae_p10,interface_pae_contact_mean,a1_plddt_mean,gpib_plddt_mean,a1_interface_plddt_mean,gpib_interface_plddt_mean,a1_interface_residues_model0,gpib_interface_residues_model0,delta_contact_pairs_5a_vs_wt,delta_near_pairs_8a_vs_wt,delta_sidechain_contact_pairs_5a_vs_wt,delta_a1_interface_residue_count_vs_wt,delta_gpib_interface_residue_count_vs_wt,delta_min_interchain_distance_a_vs_wt,delta_p05_interchain_distance_a_vs_wt,delta_interface_pae_mean_vs_wt,delta_interface_pae_contact_mean_vs_wt,delta_a1_interface_plddt_mean_vs_wt,delta_gpib_interface_plddt_mean_vs_wt,contact_pairs_5a_retained_z,sidechain_contact_pairs_5a_retained_z,a1_interface_residue_count_retained_z,gpib_interface_residue_count_retained_z,min_interchain_distance_a_retained_z,p05_interchain_distance_a_retained_z,interface_pae_mean_retained_z,interface_pae_contact_mean_retained_z,a1_interface_plddt_mean_retained_z,gpib_interface_plddt_mean_retained_z,a1_gpib_interface_retained_z
VWF_A1437T_vs_GPIb_alpha,VWF_A1437T,A1437T,a1_gpiba_forced_binding,,1,199.0,290.0,836.0,7024.0,434.0,38.0,47.0,1.6850111900221911,18.012614908936577,21.71553922072657,7.297886848449707,5.881538391113281,4.08390064239502,4.68742561340332,0.8237994909286499,0.8745588064193726,0.7427331805229187,0.8069929480552673,19;20;21;22;25;53;55;56;57;58;59;60;65;82;83;84;85;86;87;88;92;95;96;98;99;100;101;102;103;104;105;121;125;136;137;138;151;152,21;23;24;25;26;27;28;30;32;34;35;51;53;55;56;74;75;77;97;98;99;119;120;121;122;143;144;146;167;168;191;192;215;217;241;244;245;246;247;248;250;251;252;253;255;256;257,156.0,910.0,53.0,4.0,3.0,-0.20313952626080622,-0.6369887484523069,-4.071572303771973,-4.511075973510742,0.011140644550323486,0.015372097492218018,1.7723171649138494,0.9359824940915334,1.3098654289569371,1.3007298406719001,0.6281600197458282,1.080022859365582,2.1680757672554867,2.1500090535791547,0.09709792276909936,0.382786869414135,1.2530544128621146
VWF_A1461D_vs_GPIb_alpha,VWF_A1461D,A1461D,a1_gpiba_forced_binding,2B,1,199.0,290.0,312.0,2235.0,104.0,11.0,19.0,1.6600469606911727,24.05198346750856,28.95998743822133,15.753608703613281,14.989558219909668,12.364935207366944,10.39316463470459,0.8609044551849365,0.8888220191001892,0.7530127167701721,0.7919415831565857,92;122;123;124;125;126;127;128;129;132;156,208;209;210;211;212;213;214;231;234;235;236;237;238;239;240;241;242;289;290,-368.0,-3879.0,-277.0,-23.0,-25.0,-0.2281037555918246,5.402379810119676,4.384149551391602,1.1946630477905273,0.021420180797576904,0.00032073259353637695,-1.2316190663773154,-1.7080770028363004,-1.519443897590047,-1.2070935767111686,0.7043427163146483,-1.6347423927999056,0.09149339132534283,0.6713251324793249,0.2648628885851865,0.07876087051324744,-0.7045903891478303
VWF_A1461V_vs_GPIb_alpha,VWF_A1461V,A1461V,a1_gpiba_forced_binding,2B,1,199.0,290.0,559.0,5504.0,361.0,31.0,43.0,2.0377492250765297,18.579550808970062,22.412974687762862,18.36166763305664,17.630672454833984,15.721229362487794,15.754846572875977,0.845402181148529,0.8799638152122498,0.7049835920333862,0.8192434310913086,19;20;27;55;56;57;58;59;60;61;62;64;65;67;68;70;71;72;74;75;85;86;87;89;90;92;93;96;100;125;126,25;27;28;51;53;74;75;77;79;80;97;99;101;119;120;122;143;144;146;148;167;168;188;189;191;192;212;214;215;217;241;242;244;246;247;248;249;252;253;254;255;256;257,-121.0,-610.0,-20.0,-3.0,-1.0,0.14959850879353231,-0.07005284841882187,6.992208480834961,6.556344985961914,-0.026608943939208984,0.027622580528259277,0.18435850829619163,0.3510844841650732,0.5763407887410523,0.9424693524743188,-0.44828156939776226,0.8251786870503238,-0.5490018024660748,-0.7181938838000531,-0.5189861368799822,0.630237208112458,-0.025079247895543656
VWF_C1272F_vs_GPIb_alpha,VWF_C1272F,C1272F,a1_gpiba_forced_binding,2A,1,199.0,290.0,297.0,2377.0,134.0,15.0,15.0,2.461982921650757,22.93315107121282,27.58283601774486,23.297279357910156,23.01532745361328,20.796123123168947,19.59284782409668,0.8185476660728455,0.8924708962440491,0.7567479014396667,0.6703853011131287,55;56;57;58;59;87;89;91;92;93;95;100;125;126;128,205;210;230;233;234;237;238;280;281;282;285;286;287;289;290,-383.0,-3737.0,-247.0,-19.0,-29.0,0.5738322053677596,4.283547413823936,11.927820205688477,10.394346237182617,0.025155365467071533,-0.12123554944992065,-1.3176096073493908,-1.4677079576610428,-1.1002869603238272,-1.5653540649087496,-1.742904629931263,-1.1318144322021653,-1.7611046244157118,-1.7128399266971885,0.325822168587917,-2.376582569746916,-1.0545244566887064
VWF_C1272R_vs_GPIb_alpha,VWF_C1272R,C1272R,a1_gpiba_forced_binding,,1,199.0,290.0,576.0,4983.0,392.0,28.0,38.0,1.9381947926872565,19.47269910767103,23.445997008356315,12.872068405151367,11.56395149230957,9.649797344207764,9.814557075500488,0.8016647100448608,0.8661559820175171,0.7137710452079773,0.7797624468803406,91;92;95;98;99;100;102;103;104;108;112;124;125;126;128;129;132;133;135;136;137;138;142;151;152;153;155;156,25;26;27;28;30;51;53;74;75;77;97;99;119;120;122;143;144;146;148;167;168;191;192;194;214;215;217;241;244;246;247;248;249;250;251;252;253;255,-104.0,-1131.0,11.0,-6.0,-6.0,0.05004407640425912,0.8230954502821461,1.5026092529296875,0.6160554885864258,-0.01782149076461792,-0.01185840368270874,0.28181445473121036,0.5994658308461728,0.2619730857913874,0.4946437422273423,-0.14447386861809183,0.423698309949869,0.7991509871891962,0.8212755054683084,-0.37557239272010984,-0.16724831849125182,0.31779129682339385
VWF_C1272S_vs_GPIb_alpha,VWF_C1272S,C1272S,a1_gpiba_forced_binding,2A,1,199.0,290.0,344.0,2471.0,173.0,17.0,19.0,1.2640899412225381,23.280869203205917,27.93841192843548,19.579797744750977,19.030954360961914,16.736172485351563,15.938349723815918,0.8394286036491394,0.8877096176147461,0.7002437710762024,0.7367034554481506,19;20;56;83;84;85;86;87;89;92;121;122;123;124;125;126;128,168;191;192;211;212;213;214;215;238;239;241;242;244;251;252;253;288;289;290,-336.0,-3643.0,-208.0,-17.0,-25.0,-0.6240607750604592,4.631265545817033,8.210338592529297,6.7398481369018555,-0.03134876489639282,-0.05491739511489868,-1.0481725789702214,-1.1552281989332078,-0.8907084916907172,-1.2070935767111686,1.9126745686019062,-1.2881177101239814,-0.8481539700589079,-0.7657500649981485,-0.596341367868032,-1.0370068400578216,-0.8912401404920652
VWF_D1373Y_vs_GPIb_alpha,VWF_D1373Y,D1373Y,a1_gpiba_forced_binding,2M,1,199.0,290.0,406.0,3008.0,191.0,17.0,20.0,1.833031539881406,22.688455956620224,27.462687025481817,21.175079345703125,20.693218231201172,18.32079315185547,17.628408432006836,0.8331124186515808,0.8828720450401306,0.6787059903144836,0.687888503074646,20;56;57;86;87;88;90;91;93;123;124;125;128;129;132;156;157,212;214;215;234;237;238;239;240;241;242;244;252;253;255;285;286;287;288;289;290,-274.0,-3106.0,-190.0,-17.0,-24.0,-0.05511917640159125,4.0388522992313405,9.805620193481445,8.429906845092773,-0.05288654565811157,-0.10373234748840332,-0.6927450096189768,-1.0110067718280533,-0.8907084916907172,-1.1175284546617732,0.17645012516783543,-1.0218211790949725,-1.2399281691073192,-1.2037411171978538,-0.9478440977902652,-2.023031347240817,-0.9492090976251732
VWF_E1359K_vs_GPIb_alpha,VWF_E1359K,E1359K,a1_gpiba_forced_binding,2M,1,199.0,290.0,301.0,2270.0,190.0,11.0,17.0,1.5364302097069036,22.85419466655511,27.362719538484765,21.629423141479492,21.266681671142578,18.80356388092041,17.057329177856445,0.8393243551254272,0.8836255073547363,0.7246880531311035,0.7252569794654846,91;92;95;123;125;126;128;129;132;133;156,188;211;212;213;214;215;234;235;238;239;241;242;244;287;288;289;290,-379.0,-3844.0,-191.0,-23.0,-27.0,-0.35172050657609377,4.204591009166226,10.259963989257812,7.858827590942383,-0.006904482841491699,-0.0663638710975647,-1.294678796423504,-1.0190190733338953,-1.519443897590047,-1.386223820809959,1.0815807758671874,-1.0963226251164009,-1.3515073264025963,-1.0557417594225873,-0.19740370718951716,-1.2682168544286692,-1.0172574467919102
VWF_E1389K_vs_GPIb_alpha,VWF_E1389K,E1389K,a1_gpiba_forced_binding,,1,199.0,290.0,720.0,4892.0,285.0,27.0,31.0,1.0792833858630464,20.830258703971822,25.184053211221848,13.25594425201416,12.25147819519043,10.190428066253663,10.272647857666016,0.7895561456680298,0.8766885995864868,0.6086704134941101,0.7432225942611694,19;20;82;84;85;86;87;88;89;91;92;121;122;123;124;125;126;127;128;129;132;133;151;152;156;157;160,167;168;187;188;189;190;191;192;211;212;213;214;215;235;238;239;241;242;244;246;247;248;249;250;251;252;253;255;257;289;290,40.0,-1222.0,-96.0,-7.0,-13.0,-0.808867330419951,2.180655046582938,1.8864850997924805,1.0741462707519531,-0.12292212247848511,-0.04839825630187988,1.1073236480631334,-0.25785043027891275,0.15718385147483246,-0.13231211211842483,2.4766439803629003,-0.18654025788024675,0.7048775671554298,0.7025579350600974,-2.090844702931305,-0.9053252481926751,-0.07632593972243087
VWF_F1280W_vs_GPIb_alpha,VWF_F1280W,F1280W,a1_gpiba_forced_binding,,1,199.0,290.0,529.0,4795.0,363.0,29.0,39.0,1.6605149654851052,18.96899662201598,22.831660372990612,17.27138328552246,16.422142028808594,14.678985309600831,14.959367752075195,0.87603759765625,0.8861851096153259,0.7728523015975952,0.8610121607780457,55;56;57;58;85;86;87;88;89;90;92;93;95;96;99;100;103;121;122;123;124;125;126;128;140;151;155;156;159,23;25;27;28;30;51;53;75;77;79;80;97;98;99;101;102;117;119;120;121;122;141;143;144;146;167;168;189;191;192;215;244;246;250;251;252;253;254;255,-151.0,-1319.0,-18.0,-5.0,-5.0,-0.2276357507978921,0.3193929646270952,5.901924133300781,5.760866165161133,0.041259765625,0.06939131021499634,0.012377426352040968,0.36710908717675705,0.3667623201079424,0.5842088642767376,0.7029145181221004,0.6501183391671369,-0.2812463938063873,-0.5120397401383429,0.588650576115089,1.4739334344223847,0.1645719339226973
VWF_F1369I_vs_GPIb_alpha,VWF_F1369I,F1369I,a1_gpiba_forced_binding,2M,1,199.0,290.0,883.0,7410.0,547.0,42.0,46.0,2.2116594722967644,17.859277057441865,21.60860823024641,17.590431213378906,16.784679412841797,14.856989574432372,16.037878036499023,0.816065788269043,0.8623929023742676,0.6912826895713806,0.7989466190338135,19;20;21;56;57;58;59;64;66;82;85;86;87;88;89;90;93;95;96;97;99;100;101;102;103;104;106;108;112;121;122;123;124;125;126;128;129;139;140;141;142;152,24;25;27;28;30;32;34;35;50;51;53;55;56;74;75;77;79;80;94;95;96;97;99;119;120;122;143;144;146;168;192;194;215;217;241;242;244;246;247;248;249;250;251;252;253;255,203.0,1296.0,166.0,8.0,2.0,0.32350875601376705,-0.7903265999470186,6.220972061157227,6.839376449584961,-0.0403098464012146,0.00732576847076416,2.041754193293019,1.8413725642516705,1.729022366223157,1.2111647186225047,-0.9789989978635237,1.1489499776631917,-0.35959917260068336,-0.7915435538186624,-0.742588775938924,0.22025720949957253,0.8156033588020518
VWF_G1324S_vs_GPIb_alpha,VWF_G1324S,G1324S,a1_gpiba_forced_binding,2M,1,199.0,290.0,484.0,4439.0,337.0,27.0,34.0,1.9670137197284616,19.796927031656686,23.769197743132302,12.21099853515625,11.198158264160156,9.282093620300293,9.414917945861816,0.8780362010002136,0.8896790742874146,0.8119766712188721,0.832679808139801,92;95;96;98;99;100;102;103;104;105;121;124;125;126;128;129;132;133;136;137;138;141;142;153;155;156;159,25;26;27;28;30;51;75;96;97;99;119;120;122;143;144;146;168;191;192;214;215;217;241;242;244;246;248;250;251;252;253;255;256;257,-196.0,-1675.0,-44.0,-7.0,-10.0,0.07886300344546426,1.1473233742678026,0.8415393829345703,0.2164163589477539,0.08038413524627686,0.04105895757675171,-0.24559419656418502,0.1587892480248671,0.15718385147483246,0.1363832540297611,-0.23241984704616012,0.27795414923480605,0.9614985743974956,0.9248449034083254,1.2271714562611382,0.9016416941026075,0.4444790525209957
VWF_G1417W_vs_GPIb_alpha,VWF_G1417W,G1417W,a1_gpiba_forced_binding,,1,199.0,290.0,613.0,5630.0,401.0,34.0,40.0,1.9031793190868798,18.46680117088042,22.306599938457662,19.240673065185547,18.644657135009766,16.335248947143555,17.2678279876709,0.8532974123954773,0.8833443522453308,0.8078147172927856,0.8135778307914734,23;27;28;30;31;34;35;53;55;56;57;58;59;60;61;62;63;64;65;67;68;70;71;72;74;75;86;87;89;90;92;93;180;183,1;2;3;25;26;27;28;30;50;51;53;74;75;97;99;120;122;143;144;146;167;168;191;192;212;214;215;217;241;242;244;246;247;248;249;250;251;252;253;255,-67.0,-484.0,20.0,0.0,-4.0,0.015028602803882407,-0.1828024865084643,7.871213912963867,8.069326400756836,0.07622218132019043,0.021956980228424072,0.49392445579566285,0.67157654439875,0.8907084916907172,0.673773986326133,-0.03761804843074355,0.8758609391287383,-0.7648706803657295,-1.1102940626950029,1.1592471801709032,0.5157964379812761,0.421032521872206
VWF_H1268D_vs_GPIb_alpha,VWF_H1268D,H1268D,a1_gpiba_forced_binding,2B,1,199.0,290.0,503.0,4317.0,345.0,24.0,32.0,1.802826032344774,19.708159908579194,23.620430243068228,17.00336265563965,16.242874145507812,14.19284782409668,14.239936828613281,0.8700250387191772,0.8832687735557556,0.769315242767334,0.8152724504470825,92;95;96;98;99;100;102;103;104;105;108;121;124;125;126;128;129;132;133;135;136;137;138;156,25;26;28;30;51;75;97;99;119;120;122;143;144;146;167;168;191;192;214;215;242;244;246;248;249;250;251;252;253;255;256;257,-177.0,-1797.0,-36.0,-10.0,-12.0,-0.08532468393822334,1.0585562511903106,5.633903503417969,5.041435241699219,0.03772270679473877,0.023651599884033203,-0.13667284466622295,0.2228876600716025,-0.15718385147483246,-0.04274699006902952,0.2686274956309106,0.3178559864762896,-0.2154250569727412,-0.32559396424610476,0.5309247663630379,0.5500264521375849,0.026872353209496037
VWF_H1268N_vs_GPIb_alpha,VWF_H1268N,H1268N,a1_gpiba_forced_binding,2B,1,199.0,290.0,245.0,2358.0,148.0,16.0,14.0,2.1747331231440783,22.307815637621882,26.583061800277527,19.598970413208008,19.228412628173828,16.704833984375,15.490407943725586,0.887249231338501,0.8755281567573547,0.7725523114204407,0.8102606534957886,57;58;91;92;95;96;99;100;104;125;126;127;128;129;132;133,143;167;191;212;214;215;237;238;239;240;241;242;244;253,-435.0,-3756.0,-233.0,-18.0,-30.0,0.28658240686108094,3.6582119802329984,8.229511260986328,6.291906356811523,0.04095977544784546,0.018639802932739258,-1.6157101493859187,-1.355535736579256,-0.9954977260072722,-1.654919186958145,-0.8663118079009634,-0.8507190015133111,-0.8528624533911867,-0.6496626825687031,0.5837546507926854,0.44879200697846006,-0.806530328749693
VWF_H1268Q_vs_GPIb_alpha,VWF_H1268Q,H1268Q,a1_gpiba_forced_binding,2B,1,199.0,290.0,780.0,6308.0,552.0,32.0,43.0,2.039194915769457,18.56984917505374,22.372010403633574,13.108142852783203,12.082836151123047,10.122117519378662,10.579997062683105,0.8733270764350891,0.873815655708313,0.7691435813903809,0.8078384399414062,56;57;86;92;95;96;97;98;99;100;102;103;104;105;121;122;123;124;125;126;128;129;132;133;135;136;137;138;141;142;151;152,25;26;27;28;30;51;53;75;77;79;80;97;99;101;102;119;120;122;143;144;146;167;168;191;192;214;215;217;241;242;244;245;246;247;248;249;250;251;252;253;255;256;257,100.0,194.0,171.0,-2.0,-1.0,0.15104419948645953,-0.0797544823351437,1.7386837005615234,1.381495475769043,0.037551045417785645,0.016217589378356934,1.451285811951435,1.88143407178088,0.6811300230576073,0.9424693524743188,-0.45269334650216475,0.8295396824739064,0.7411750927881344,0.6229061448318901,0.528123203690969,0.39986515546834495,1.0329758510625562
VWF_H1419N_vs_GPIb_alpha,VWF_H1419N,H1419N,a1_gpiba_forced_binding,,1,199.0,290.0,248.0,1642.0,153.0,10.0,12.0,1.7788785839961079,24.52673151645582,29.567330197291174,21.132322311401367,20.771053314208984,18.14495105743408,16.142671585083008,0.8723039627075195,0.9007390737533569,0.7729086875915527,0.7168661952018738,87;91;92;95;125;126;128;129;132;133,233;234;237;238;239;240;241;282;283;284;288;290,-432.0,-4472.0,-228.0,-24.0,-32.0,-0.10927213228688948,5.877127859066935,9.762863159179688,6.944169998168945,0.04131615161895752,-0.07475465536117554,-1.5985120411915035,-1.3154742290500463,-1.624233131906602,-1.8340494310569355,0.34170730782752035,-1.8481470715036217,-1.2294277641272464,-0.8187015669608043,0.5895708116316782,-1.4377042454047246,-0.9534700314954554
VWF_I1309V_vs_GPIb_alpha,VWF_I1309V,I1309V,a1_gpiba_forced_binding,2B,1,199.0,290.0,430.0,2945.0,217.0,14.0,24.0,2.111199796276989,22.891805025795552,27.655245694495683,17.147415161132812,16.4438419342041,13.90232048034668,13.074654579162598,0.8801995515823364,0.8899683356285095,0.7738924622535706,0.7383044362068176,19;20;86;87;92;121;123;124;125;126;128;129;132;156,208;209;210;211;212;213;214;215;234;235;238;239;240;241;242;244;251;252;253;254;287;288;289;290,-250.0,-3169.0,-164.0,-20.0,-20.0,0.22304907999399148,4.242201368406668,5.777956008911133,3.876152992248535,0.04229992628097534,-0.05331641435623169,-0.5551601440636562,-0.8026869326761634,-1.205076194640382,-0.7592679664641919,-0.6724287883795397,-1.1132289118245524,-0.25080191766418103,-0.023602562365828313,0.6056262949311559,-1.0046682596266563,-0.3961799077629748
VWF_I1329M_vs_GPIb_alpha,VWF_I1329M,I1329M,a1_gpiba_forced_binding,,1,199.0,290.0,418.0,3687.0,310.0,21.0,28.0,1.3719277866199808,19.910298879203445,23.806640896356747,23.170074462890625,22.89052963256836,20.75735855102539,21.183101654052734,0.8665745258331299,0.888507604598999,0.7724904417991638,0.801887571811676,56;57;59;67;70;87;89;90;92;93;95;96;99;100;103;124;125;126;128;140;156,25;26;28;53;75;97;119;120;143;144;167;168;188;189;191;192;210;211;212;214;215;241;244;251;252;253;257;290,-262.0,-2427.0,-71.0,-13.0,-16.0,-0.5162229296630165,1.2606952218145615,11.800615310668945,11.984600067138672,0.040897905826568604,0.010266721248626709,-0.6239525768413164,-0.057542892632864745,-0.47155155442449737,-0.40100747826661076,1.58358858939481,0.22699220688788646,-1.7298652521120574,-2.1249658160946243,0.5827449209129606,0.2796621944978645,-0.5390535838160685
VWF_I1372S_vs_GPIb_alpha,VWF_I1372S,I1372S,a1_gpiba_forced_binding,2B,1,199.0,290.0,306.0,2363.0,130.0,11.0,18.0,2.2120693504047297,23.636615553296366,28.45834388616245,19.58247947692871,19.06521987915039,16.57007884979248,15.054944038391113,0.8582710027694702,0.8941805958747864,0.7328325510025024,0.7438393235206604,86;92;121;122;123;124;125;126;128;129;132,209;210;212;213;214;215;235;237;238;239;240;241;242;253;285;286;288;289,-374.0,-3751.0,-251.0,-23.0,-26.0,0.3239186341217324,4.987011895907482,8.213020324707031,5.856442451477051,0.0012400150299072266,-0.047781527042388916,-1.2660152827661457,-1.4997571636844105,-1.519443897590047,-1.2966586987605637,-0.9802498123435256,-1.448029763916341,-0.8488125581573146,-0.5368090324747369,-0.06448317710728588,-0.8928677913154872,-0.9773017107245252
VWF_I1416N_vs_GPIb_alpha,VWF_I1416N,I1416N,a1_gpiba_forced_binding,,1,199.0,290.0,578.0,5500.0,392.0,32.0,47.0,1.6601077541232077,18.653587414049007,22.4283071428833,17.414886474609375,16.752405166625977,14.575939464569093,15.2146577835083,0.8340876698493958,0.8723968267440796,0.7050267457962036,0.8122462630271912,20;56;57;58;86;87;92;95;96;98;99;100;102;103;105;121;122;123;124;125;126;128;129;132;133;136;137;138;148;149;150;153,25;26;27;28;30;32;34;51;53;74;75;77;79;80;94;96;97;99;101;102;119;120;122;143;144;146;167;168;191;192;214;215;217;241;242;244;245;246;248;249;250;251;252;253;255;256;257,-102.0,-614.0,11.0,-2.0,3.0,-0.2280429621597897,0.00398375666012285,6.045427322387695,6.016156196594238,-0.0265657901763916,0.020625412464141846,0.2932798601941537,0.5994658308461728,0.6811300230576073,1.3007298406719001,0.704157194561716,0.791898386153413,-0.3164883516725489,-0.5782000154835533,-0.5182818551526982,0.4888997929018929,0.09547876869233647
VWF_I1416T_vs_GPIb_alpha,VWF_I1416T,I1416T,a1_gpiba_forced_binding,2M,1,199.0,290.0,740.0,6563.0,439.0,36.0,45.0,2.1227055785011735,18.356810266187665,22.160096806330067,14.784027099609375,13.857414245605469,11.880121803283691,12.55793571472168,0.8486722111701965,0.8821260929107666,0.7210666537284851,0.8266845941543579,18;19;20;56;57;58;59;85;86;87;88;89;90;92;93;95;96;99;100;102;103;104;105;108;121;123;125;126;128;132;136;137;138;150;151;152,23;24;25;26;27;28;30;34;35;50;51;53;55;56;74;75;77;79;80;96;97;99;117;119;120;143;144;146;167;168;191;192;214;215;241;244;246;247;248;249;250;251;252;253;255,60.0,449.0,58.0,2.0,1.0,0.23455486221817612,-0.2927933912012186,3.4145679473876953,3.359434127807617,-0.010525882244110107,0.035063743591308594,1.2219777026925673,0.976044001620743,1.1002869603238272,1.1215995965731094,-0.7075406880640561,0.9253031089877574,0.32960624619308876,0.11030890356790328,-0.2565059791571854,0.7805429809414799,0.6304223178095711
VWF_I1425F_vs_GPIb_alpha,VWF_I1425F,I1425F,a1_gpiba_forced_binding,2M,1,199.0,290.0,847.0,7257.0,491.0,41.0,50.0,1.9683038164368836,18.148732432104897,21.966358935247815,13.8255033493042,12.715202331542969,10.832270336151122,11.453418731689453,0.8148680925369263,0.8704670667648315,0.7110956907272339,0.8134359121322632,19;20;21;22;25;55;56;57;58;82;86;87;88;89;90;92;93;95;96;98;99;100;102;103;104;105;121;123;125;126;128;129;132;133;136;137;138;149;150;151;152,21;23;25;26;27;28;30;32;50;51;53;74;75;77;79;80;93;94;95;96;97;99;101;102;117;118;119;120;122;143;144;146;167;168;191;192;214;215;241;244;246;247;248;249;250;251;252;253;255;256,167.0,1143.0,110.0,7.0,6.0,0.08015310015388621,-0.5008712252839871,2.4560441970825195,2.2549171447753906,-0.020496845245361328,0.021815061569213867,1.835376894960038,1.3926836799245228,1.624233131906602,1.569425206820086,-0.23635680198992942,1.0188364756361612,0.5650034790832297,0.3965525430498519,-0.41923494151726554,0.512929790177605,0.9659222616647497
VWF_L1340P_vs_GPIb_alpha,VWF_L1340P,L1340P,a1_gpiba_forced_binding,2B,1,199.0,290.0,366.0,2858.0,154.0,15.0,21.0,1.9542737224350126,23.65157248802609,28.726877185232354,17.75210189819336,17.00185203552246,14.508813953399658,13.350635528564453,0.8798384070396423,0.9007738828659058,0.8171680569648743,0.766587495803833,123;124;125;126;127;128;129;131;132;135;156;157;160;163;164,208;209;210;211;212;213;231;234;235;236;237;238;239;240;241;242;282;285;288;289;290,-314.0,-3256.0,-227.0,-19.0,-23.0,0.06612300615201527,5.001968830637207,6.38264274597168,4.152133941650391,0.08557552099227905,-0.02503335475921631,-0.9220531188778444,-1.3074619275442043,-1.1002869603238272,-1.0279633326123778,-0.19354152497881436,-1.454753077171587,-0.3993027603653682,-0.09512504015299485,1.3118963535004358,-0.43337220084137573,-0.422606138679687
VWF_L1361S_vs_GPIb_alpha,VWF_L1361S,L1361S,a1_gpiba_forced_binding,,1,199.0,290.0,764.0,6580.0,469.0,37.0,42.0,1.6877623573536649,18.3328575629615,22.14555602547423,10.623197555541992,9.440702438354492,7.655616855621338,7.817224979400635,0.7661842703819275,0.8689906597137451,0.6143453121185303,0.7856631278991699,19;20;55;56;57;58;59;65;86;87;88;89;90;91;92;93;94;96;97;99;100;101;104;121;123;125;126;132;133;135;136;137;138;149;150;151;152,21;23;25;26;27;28;30;32;34;50;51;53;74;75;77;96;97;99;119;120;122;143;144;146;167;168;191;192;194;215;217;241;244;246;247;248;249;250;251;252;253;255,84.0,466.0,88.0,3.0,-2.0,-0.2003883589293325,-0.31674609442738344,-0.7462615966796875,-1.3812766075134277,-0.11724722385406494,-0.0059577226638793945,1.3595625682478878,1.2164130467960006,1.205076194640382,0.8529042304249236,0.6197643531604675,0.9360701230858669,1.3514356592766674,1.3388986993391536,-1.9982287374990135,-0.048059098575240565,0.624344354304882
VWF_L1365R_vs_GPIb_alpha,VWF_L1365R,L1365R,a1_gpiba_forced_binding,2M,1,199.0,290.0,522.0,3924.0,382.0,22.0,31.0,2.195917507876833,20.244655448382677,24.238179612633207,17.845809936523438,17.15399742126465,15.190347671508789,15.257946968078613,0.829792857170105,0.8779733180999756,0.7422742247581482,0.8217368721961975,91;92;95;98;99;125;126;128;129;131;132;133;135;136;138;151;152;163;164;165;166;167,25;28;50;96;97;119;120;143;144;146;167;168;188;189;190;191;192;194;212;214;215;217;241;242;244;246;251;252;253;255;257,-158.0,-2190.0,1.0,-12.0,-13.0,0.3077667915938358,1.595051790993793,6.476350784301758,6.059445381164551,0.010681688785552979,0.030116021633148193,-0.027751492768260853,0.5193428157877535,-0.3667623201079424,-0.13231211211842483,-0.9309596499269671,0.07669510429548063,-0.4223158708025802,-0.5894187236899172,0.08960763368058206,0.6806028013804004,-0.07499641741955697
VWF_L1446P_vs_GPIb_alpha,VWF_L1446P,L1446P,a1_gpiba_forced_binding,,1,199.0,290.0,277.0,2415.0,141.0,14.0,14.0,2.171334300585702,22.98802847960615,27.539487936156277,21.728954315185547,21.381591796875,18.812493896484376,17.796621322631836,0.8534783124923706,0.8952916860580444,0.7923208475112915,0.681892454624176,95;99;100;103;104;127;128;129;130;131;132;133;139;160,188;210;211;212;234;237;238;239;242;285;286;288;289;290,-403.0,-3699.0,-240.0,-20.0,-30.0,0.2831835843027046,4.3384248222172666,10.359495162963867,8.598119735717773,0.06072831153869629,-0.10972839593887329,-1.4322636619788247,-1.4116218471201494,-1.205076194640382,-1.654919186958145,-0.8559397085173739,-1.156482455024461,-1.3759505004702746,-1.247334715811515,0.9063828026610927,-2.144146915953919,-0.8779827233779555
VWF_L1460F_vs_GPIb_alpha,VWF_L1460F,L1460F,a1_gpiba_forced_binding,2B,1,199.0,290.0,505.0,4739.0,356.0,27.0,37.0,2.192105704317198,19.42610596503034,23.324876815213234,10.881799697875977,9.668259620666504,7.789892482757568,7.929877281188965,0.9032155871391296,0.9008744955062866,0.861491322517395,0.8764895796775818,20;56;92;95;96;98;99;100;102;103;105;121;123;124;125;126;128;132;133;135;136;137;138;141;142;151;152,25;26;27;28;30;51;53;75;77;97;99;101;102;119;120;122;143;144;167;168;192;214;215;217;241;242;244;245;246;248;249;250;251;252;253;255;257,-175.0,-1375.0,-25.0,-7.0,-7.0,0.30395498803420073,0.7765023076414579,-0.4876594543457031,-1.2686243057250977,0.1298987865447998,0.08486872911453247,-0.12520743920327956,0.3110229766358636,0.15718385147483246,0.405078620177947,-0.9193272670437187,0.4446424605516066,1.2879273438014367,1.3097040329326801,2.0352646992526857,1.7865653965742763,0.7375936242185566
VWF_L1460P_vs_GPIb_alpha,VWF_L1460P,L1460P,a1_gpiba_forced_binding,2B,1,199.0,290.0,531.0,4965.0,348.0,28.0,38.0,1.5942895360943703,19.069087352222148,23.017485490766887,11.90452766418457,10.825456619262695,8.839978504180909,8.650886535644531,0.7821904420852661,0.884736180305481,0.7338423132896423,0.8490100502967834,19;55;56;57;58;59;60;61;62;63;64;65;67;68;70;71;72;74;75;79;85;86;87;89;90;92;93;125,27;28;50;51;53;74;75;77;97;99;101;119;120;122;124;143;144;146;167;168;189;191;192;194;212;214;215;217;242;244;246;247;248;249;250;252;253;255,-149.0,-1149.0,-33.0,-6.0,-6.0,-0.29386118018862706,0.4194836948332643,0.5350685119628906,-0.5476150512695312,0.002249777317047119,0.05738919973373413,0.023842831814984346,0.24692456458912823,0.2619730857913874,0.4946437422273423,0.9050129576739837,0.605126410989164,1.0367626405880268,1.1228492210411132,-0.04800356834773112,1.2315000303724855,0.3215172269777764
VWF_L1460V_vs_GPIb_alpha,VWF_L1460V,L1460V,a1_gpiba_forced_binding,2B,1,199.0,290.0,543.0,5081.0,354.0,31.0,39.0,1.9350900808231128,18.870165803385422,22.719385820625508,18.46244239807129,17.72388458251953,16.11657600402832,16.506826400756836,0.8709521889686584,0.8760330080986023,0.7662287354469299,0.8123695254325867,19;20;55;56;57;58;86;87;92;95;98;99;100;102;103;105;112;121;123;124;125;126;129;132;133;136;137;138;141;151;152,23;24;25;27;28;30;50;51;53;74;75;77;79;96;97;98;99;119;120;122;143;144;146;167;168;191;192;214;215;217;246;248;249;250;251;252;253;254;255,-137.0,-1033.0,-27.0,-3.0,-5.0,0.04693936454011549,0.22056214599653856,7.092983245849609,7.308324813842773,0.03463619947433472,0.020748674869537354,0.09263526459264461,0.29499837362417974,0.5763407887410523,0.5842088642767376,-0.13499929927555723,0.694543922679587,-0.5737503815409801,-0.9130749458899297,0.48055208586035064,0.491389598722133,0.10629031338565956
VWF_M1304V_vs_GPIb_alpha,VWF_M1304V,M1304V,a1_gpiba_forced_binding,2B,1,199.0,290.0,497.0,4764.0,350.0,31.0,36.0,2.031470776703421,19.5155108461516,23.43407076044576,11.0109224319458,9.889361381530762,7.942742204666137,8.238993644714355,0.8774457573890686,0.8925856947898865,0.8125458359718323,0.8392310738563538,56;89;91;92;95;96;98;99;100;102;103;104;105;112;121;124;125;126;128;132;133;136;137;138;141;142;151;152;153;155;156,25;26;27;28;30;51;53;75;96;97;99;119;120;122;143;144;146;167;168;191;192;214;215;217;241;242;244;246;248;250;251;252;253;254;255;256,-183.0,-1350.0,-31.0,-3.0,-8.0,0.14332006042042345,0.8659071887627157,-0.3585367202758789,-0.959507942199707,0.08095329999923706,0.04761022329330444,-0.17106906105505307,0.2629491676008121,0.5763407887410523,0.31551349812855173,-0.42912178997940664,0.40445394377405686,1.256216982640778,1.229594270676221,1.2364603874957163,1.033972224718774,0.6268551106917497
VWF_N1421K_vs_GPIb_alpha,VWF_N1421K,N1421K,a1_gpiba_forced_binding,,1,199.0,290.0,665.0,5542.0,345.0,31.0,35.0,1.3516207474731954,19.127786381244253,23.14423859954986,10.11703109741211,8.700750350952148,6.741918992996216,6.714571952819824,0.7686542272567749,0.8811326622962952,0.6560614705085754,0.8509805798530579,19;23;56;57;58;59;82;83;84;85;86;87;88;89;90;91;92;93;95;96;97;122;123;125;126;127;128;129;132;133;152,35;56;80;101;102;122;124;125;146;148;150;151;170;172;173;174;175;176;194;196;197;198;199;219;222;245;246;248;252;263;265;266;267;268;269,-15.0,-572.0,-36.0,-3.0,-9.0,-0.536529968809802,0.47818272385536886,-1.2524280548095703,-2.4839296340942383,-0.07553106546401978,0.059359729290008545,0.7920249978321906,0.2228876600716025,0.5763407887410523,0.2259483760791564,1.645559058461463,0.5787405259782412,1.4757415865816952,1.6246592808992362,-1.3174091248288087,1.2713032123923784,0.37970072054305454
VWF_P1337L_vs_GPIb_alpha,VWF_P1337L,P1337L,a1_gpiba_forced_binding,2B,1,199.0,290.0,649.0,5795.0,399.0,31.0,42.0,1.9167848188829126,18.603196582988375,22.469701254765,18.914201736450195,18.20953369140625,16.082513999938964,16.021604537963867,0.843113124370575,0.8776036500930786,0.7030559778213501,0.8190029859542847,20;55;56;57;58;59;60;61;62;64;65;67;68;70;71;72;74;75;85;86;87;88;89;91;92;100;121;123;125;126;129,27;28;30;51;75;77;97;99;101;102;119;120;122;124;125;143;144;146;148;167;168;170;189;191;192;194;212;214;215;217;241;242;244;246;247;250;251;252;253;255;256;257,-31.0,-319.0,18.0,-3.0,-2.0,0.02863410259991528,-0.046407074400509174,7.544742584228516,6.823102951049805,-0.028536558151245117,0.02738213539123535,0.7003017541286436,0.6555519413870662,0.5763407887410523,0.8529042304249236,-0.07913760222447694,0.8145496411421451,-0.6846948397798268,-0.7873261578715044,-0.5504453510517548,0.6253804012077923,0.11888459506670057
VWF_P1413L_vs_GPIb_alpha,VWF_P1413L,P1413L,a1_gpiba_forced_binding,1,1,199.0,290.0,773.0,6346.0,483.0,33.0,40.0,2.3133602542189577,18.881087594793783,22.85435861595473,6.912450790405273,5.658299446105957,4.089470052719117,4.376439571380615,0.8361703157424927,0.8697851300239563,0.7495771050453186,0.7992428541183472,92;95;97;98;99;100;102;103;104;108;112;124;125;126;128;129;132;133;135;136;137;138;139;140;149;150;151;152;153;154;155;156;159,23;25;26;27;28;30;34;50;51;53;55;74;75;77;97;98;99;119;120;122;143;144;146;167;168;191;192;194;215;217;244;246;248;249;250;251;252;253;255;256,93.0,232.0,102.0,-1.0,-4.0,0.4252095379359604,0.23148393740489936,-4.457008361816406,-4.822062015533447,0.01798456907272339,0.0076220035552978516,1.411156892831133,1.3285852678777876,0.7859192573741622,0.673773986326133,-1.2893566583086389,0.6896344525057997,2.2627323487860505,2.230603356667447,0.20879272455114267,0.22624093045053645,1.1930114998603345
VWF_Q1402P_vs_GPIb_alpha,VWF_Q1402P,Q1402P,a1_gpiba_forced_binding,2M,1,199.0,290.0,524.0,5061.0,358.0,29.0,40.0,1.6925951531007057,18.841085240264167,22.722284102059763,14.520223617553711,13.60094165802002,11.336007690429687,11.241143226623535,0.7422329187393188,0.8791995048522949,0.6980719566345215,0.8217121362686157,27;55;56;57;58;59;60;61;62;63;64;67;68;70;71;72;74;75;76;79;85;86;87;88;89;90;92;93;96,25;26;27;28;50;51;53;74;75;77;97;99;101;119;120;122;124;143;144;146;167;168;188;189;191;192;194;211;212;214;215;217;244;246;247;248;249;252;253;255,-156.0,-1053.0,-23.0,-5.0,-4.0,-0.19555556318229161,0.1914815828752836,3.1507644653320312,2.0426416397094727,-0.03352057933807373,0.030091285705566406,-0.016286087305317474,0.32704757964754744,0.3667623201079424,0.673773986326133,0.6050162346788593,0.7076159684587661,0.39439192279517216,0.4515652898671313,-0.631785999493786,0.680103154661155,0.0994606205647035
VWF_R1306E_vs_GPIb_alpha,VWF_R1306E,R1306E,a1_gpiba_forced_binding,2B,1,199.0,290.0,280.0,1880.0,98.0,10.0,17.0,1.6214715710427985,24.713965392123082,29.543088986607984,20.22696304321289,19.82961654663086,17.148089981079103,15.030701637268066,0.8979040384292603,0.8905969858169556,0.7976636290550232,0.7912918925285339,92;121;122;123;124;125;126;128;129;132,208;209;210;211;212;213;214;215;235;237;238;239;240;241;242;289;290,-400.0,-4234.0,-283.0,-24.0,-27.0,-0.26667914524019887,6.064361734734199,8.857503890991211,5.832200050354004,0.06607109308242798,-0.00032895803451538086,-1.4150655537844095,-1.756150811871352,-1.624233131906602,-1.386223820809959,0.8220622407445343,-1.932310840407626,-1.0070868295023534,-0.5305264372463756,0.9935785225347843,0.06563761933306499,-0.8664794824547908
VWF_R1306L_vs_GPIb_alpha,VWF_R1306L,R1306L,a1_gpiba_forced_binding,2B,1,199.0,290.0,583.0,4839.0,368.0,27.0,35.0,1.88942763359701,19.1709320144143,23.055281352311304,12.297907829284668,11.207147598266602,9.353256988525391,9.196105003356934,0.8261178731918335,0.8689513802528381,0.6437115669250488,0.8071843385696411,19;55;57;58;59;60;61;63;64;65;67;68;70;71;72;74;75;85;86;87;89;90;92;93;96;125;126,28;30;51;75;97;99;101;119;120;122;124;143;144;146;167;168;191;192;194;211;212;214;215;217;241;242;244;246;251;252;253;254;255;256;257,-97.0,-1275.0,-13.0,-7.0,-9.0,0.0012769173140125822,0.5213283570254177,0.9284486770629883,-0.0023965835571289062,-0.08788096904754639,0.015563488006591797,0.32194337385151217,0.40717059470596667,0.15718385147483246,0.2259483760791564,0.004347616484972088,0.5593460703200452,0.940155120629395,0.9815518748633081,-1.5189630765526425,0.38665281065629703,0.06977732366859538
VWF_R1306P_vs_GPIb_alpha,VWF_R1306P,R1306P,a1_gpiba_forced_binding,2B,1,199.0,290.0,577.0,5287.0,372.0,33.0,38.0,2.352510209712171,18.756375845098574,22.575715124229927,13.868626594543457,12.927515029907227,11.097071170806885,11.21935749053955,nan,nan,nan,nan,19;27;30;31;34;55;57;58;59;60;61;63;64;65;67;68;70;71;72;74;75;76;79;85;86;87;89;90;92;93;96;100;125,25;26;27;28;51;53;74;75;77;97;99;101;119;120;122;143;144;146;167;168;188;189;191;192;211;212;214;215;241;242;244;251;252;253;254;255;256;257,-103.0,-827.0,-9.0,-1.0,-6.0,0.4643594934291735,0.10677218770969077,2.4991674423217773,2.0208559036254883,nan,nan,0.28754715746268206,0.43921980072933436,0.7859192573741622,0.4946437422273423,-1.4088295705493707,0.7456938105869972,0.5544131388863046,0.45721122241617473,nan,nan,0.4924743594955884
VWF_R1306Q_vs_GPIb_alpha,VWF_R1306Q,R1306Q,a1_gpiba_forced_binding,2B,1,199.0,290.0,563.0,5082.0,358.0,29.0,37.0,1.6688804041931817,18.906311382566564,22.77125369960044,12.580272674560547,11.534416198730469,9.81530990600586,9.949728965759277,0.7422600388526917,0.8650416135787964,0.538206160068512,0.7673975229263306,19;27;30;55;57;58;59;60;61;63;64;65;67;68;70;71;72;74;75;85;86;87;89;90;92;93;96;100;125,25;26;27;28;30;53;74;75;77;96;97;99;119;120;122;143;144;146;167;168;188;189;191;192;211;212;214;215;241;244;250;251;252;253;254;255;257,-117.0,-1032.0,-23.0,-5.0,-7.0,-0.21927031208981562,0.25670772517768015,1.2108135223388672,0.7512273788452148,-0.19338637590408325,-0.02422332763671875,0.20728931922207838,0.32704757964754744,0.3667623201079424,0.405078620177947,0.6773859239759715,0.6782960713638921,0.8708110869294137,0.7862447233094781,-3.240841432633983,-0.417010275746084,-0.3106994980693873
VWF_R1306W_vs_GPIb_alpha,VWF_R1306W,R1306W,a1_gpiba_forced_binding,2B,1,199.0,290.0,794.0,6839.0,508.0,46.0,47.0,2.2217425092255856,18.026214507669817,21.728261761549263,15.44863510131836,14.565058708190918,12.54223861694336,15.41901683807373,0.8559907674789429,0.8714238405227661,0.7870821952819824,0.7877659201622009,19;20;56;57;58;59;60;65;86;87;88;95;96;98;99;100;102;103;104;105;121;123;124;125;126;128;129;132;133;136;137;138;141;142;150;151;152;153;155;159;172;173;174;178;182;185,3;4;5;6;8;9;10;11;25;26;28;30;32;34;35;51;53;55;56;74;75;77;79;97;99;119;120;122;143;144;167;168;191;192;215;217;241;244;246;248;250;251;252;253;255;256;257,114.0,725.0,127.0,12.0,3.0,0.33359179294258823,-0.6233891497190669,4.07917594909668,6.220515251159668,0.05548965930938721,-0.0038549304008483887,1.5315436501920385,1.5288928055238356,2.148179303489377,1.3007298406719001,-1.0097691423232267,1.073909684167491,0.16638975363447328,-0.6311611563609968,0.8208865029221595,-0.005584311567382129,1.0796682211532829
VWF_R1341Q_vs_GPIb_alpha,VWF_R1341Q,R1341Q,a1_gpiba_forced_binding,2B,1,199.0,290.0,394.0,2722.0,192.0,14.0,18.0,1.2091800897302263,24.463909760367113,29.59353241928631,20.504291534423828,20.091564178466797,17.225619506835937,14.977174758911133,0.8905849456787109,0.8988056182861328,0.7810699343681335,0.7065228223800659,91;123;124;125;126;127;128;129;130;131;132;156;157;160,208;209;210;211;212;231;234;235;237;238;239;283;284;285;287;288;289;290,-286.0,-3392.0,-189.0,-20.0,-26.0,-0.6789706265527711,5.814306102978229,9.134832382202148,5.77867317199707,0.04947739839553833,-0.0850980281829834,-0.761537442396637,-1.0029944703222113,-1.205076194640382,-1.2966586987605637,2.0802415501181395,-1.8199079735158743,-1.0751940197643242,-0.516654555956752,0.7227646886273996,-1.6466324240332204,-0.5526995949377166
VWF_R1374C_vs_GPIb_alpha,VWF_R1374C,R1374C,a1_gpiba_forced_binding,,1,199.0,290.0,535.0,4579.0,364.0,25.0,39.0,2.4553870594063176,19.093861020343155,22.96923525670676,12.503131866455078,11.340639114379883,9.678950309753418,9.93553352355957,0.8661108016967773,0.886855959892273,0.7550169229507446,0.8399782180786133,56;57;85;86;87;89;92;93;95;96;99;100;103;121;122;123;124;125;126;128;129;133;151;152;155,25;26;27;28;30;51;53;75;77;79;80;97;99;101;119;120;122;141;143;144;146;167;168;189;190;191;192;215;217;244;246;247;248;249;250;251;252;253;255,-145.0,-1535.0,-17.0,-9.0,-5.0,0.5672363431233203,0.44425736295427143,1.1336727142333984,0.7370319366455078,0.023424386978149414,0.048357367515563965,0.0467736427408711,0.375121388682599,-0.052394617158277486,0.5842088642767376,-1.7227762067656616,0.5939903637797033,0.8897555656292427,0.7899235757868249,0.2975721055464065,1.049063963575984,0.2913992191196848
VWF_R1374H_vs_GPIb_alpha,VWF_R1374H,R1374H,a1_gpiba_forced_binding,,1,199.0,290.0,359.0,2485.0,157.0,13.0,19.0,2.0608410382414264,24.145891474868918,28.997411478593026,17.476524353027344,16.874610900878906,14.023683547973633,12.318181037902832,0.8807469010353088,0.8905124068260193,0.7626627683639526,0.7144411206245422,95;124;125;126;127;128;129;131;132;133;135;156;160,188;208;209;210;211;212;213;234;235;237;238;239;240;241;285;287;288;289;290,-321.0,-3629.0,-224.0,-21.0,-25.0,0.17269032195842904,5.4962878174800345,6.107065200805664,3.1196794509887695,0.031070232391357422,-0.07717972993850708,-0.9621820379981462,-1.2834250230266786,-1.3098654289569371,-1.2070935767111686,-0.5187502617110228,-1.6769551163337517,-0.33162557285897154,0.1724430783517445,0.4223544851722046,-1.4866888873787525,-0.5921349852915625
VWF_V1316M_vs_GPIb_alpha,VWF_V1316M,V1316M,a1_gpiba_forced_binding,2B,1,199.0,290.0,525.0,5228.0,311.0,32.0,43.0,2.201321324727493,18.9372803937582,22.77715956077832,17.66779327392578,16.937763214111328,15.250619792938233,15.517667770385742,0.8306735754013062,0.8681331276893616,0.701493501663208,0.7930723428726196,19;20;56;57;58;82;85;86;87;92;95;98;99;100;102;103;104;105;121;123;125;126;128;129;132;133;135;136;137;138;141;152,23;24;25;26;27;28;30;50;51;53;55;72;74;75;77;79;80;94;96;97;99;102;119;120;143;144;146;167;191;192;214;215;241;244;246;247;248;249;250;251;252;253;255,-155.0,-886.0,-70.0,-2.0,-1.0,0.3131706084444956,0.2876767363693169,6.298334121704102,6.31916618347168,-0.030099034309387207,0.0014514923095703125,-0.010553384573845786,-0.04953059112702282,0.6811300230576073,0.9424693524743188,-0.9474503388238112,0.6643751465748843,-0.3785979871606939,-0.656727265653183,-0.5759454079564811,0.10160134740675583,-0.12232532525058508
VWF_WT_vs_GPIb_alpha,VWF_WT,WT,a1_gpiba_forced_binding,,1,199.0,290.0,680.0,6114.0,381.0,34.0,44.0,1.8881507162829974,18.649603657388884,22.437852861451645,11.36945915222168,10.237180709838867,8.656688785552978,9.198501586914062,0.860817015171051,0.8682363629341125,0.7315925359725952,0.7916208505630493,19;20;21;22;25;56;57;58;82;85;86;87;88;95;96;98;99;100;102;103;104;105;123;124;125;128;129;132;133;136;137;138;142;152,23;25;26;27;28;30;34;35;50;51;53;55;56;74;75;77;79;80;96;97;99;102;119;120;143;144;146;168;192;215;217;241;244;246;247;248;249;250;251;252;253;255;256;257,0.0,0.0,0.0,0.0,0.0,0.0,0.0,0.0,0.0,0.0,0.0,0.878015538804266,0.5113305142819117,0.8907084916907172,1.0320344745237142,0.008244352209796678,0.7936891303428257,1.1681664238355556,0.9809307827386474,-0.08472057635371626,0.07228231871503076,0.6352529502323653
