variant,label,selection,frames,mean,first0_5,mid20_30,tail40_50,final,min,max,tail_minus_first,tail40_50_delta_tail_vs_WT
A1461D,?,AIM_all,501,0.194219,0.16548,0.21306,0.196719,0.248383,0.148705,0.251223,0.03124,-0.000651
A1461D,?,C_AIM,501,0.227546,0.225855,0.233736,0.22486,0.249203,0.149726,0.521508,-0.000996,0.021683
A1461D,?,N_AIM,501,0.199715,0.167081,0.217872,0.205591,0.248383,0.148705,0.272197,0.03851,-0.008818
P1413L,?,AIM_all,501,0.176129,0.168433,0.182127,0.18036,0.214243,0.14857,0.220624,0.011927,-0.01701
P1413L,?,C_AIM,501,0.204687,0.201023,0.205381,0.204869,0.22195,0.14857,0.242342,0.003846,0.001692
P1413L,?,N_AIM,501,0.177402,0.168896,0.183979,0.182469,0.214243,0.151901,0.232609,0.013573,-0.03194
PANEL_WT_MATCHED,?,AIM_all,501,0.187347,0.169847,0.187059,0.19737,0.207848,0.153147,0.229416,0.027524,0.0
PANEL_WT_MATCHED,?,C_AIM,501,0.205403,0.208451,0.205176,0.203177,0.207848,0.153147,0.254592,-0.005275,0.0
PANEL_WT_MATCHED,?,N_AIM,501,0.193587,0.169847,0.191214,0.214409,0.233502,0.155316,0.251189,0.044563,0.0
R1308C,2B,AIM_all,501,0.173857,0.168635,0.17022,0.174545,0.180543,0.147343,0.22895,0.00591,-0.022825
R1308C,2B,C_AIM,501,0.201978,0.212965,0.20108,0.187778,0.194016,0.14967,0.254502,-0.025186,-0.015399
R1308C,2B,N_AIM,501,0.175845,0.168635,0.171389,0.179749,0.180543,0.147343,0.240612,0.011114,-0.03466
R1341W,?,AIM_all,501,0.197504,0.192194,0.195951,0.202477,0.201906,0.15754,0.23483,0.010283,0.005107
R1341W,?,C_AIM,501,0.207793,0.206164,0.210998,0.207738,0.201906,0.159881,0.247549,0.001574,0.004561
R1341W,?,N_AIM,501,0.209187,0.200046,0.201911,0.216265,0.248389,0.15754,0.289791,0.016219,0.001856
S1310F,2B,AIM_all,501,0.189643,0.17198,0.191439,0.191928,0.172699,0.154328,0.235461,0.019948,-0.005442
S1310F,2B,C_AIM,501,0.207374,0.203278,0.207865,0.210271,0.214416,0.154328,0.246605,0.006993,0.007094
S1310F,2B,N_AIM,501,0.195123,0.17198,0.196537,0.196113,0.172699,0.15626,0.259889,0.024133,-0.018296
V1316M,2B,AIM_all,501,0.186206,0.169191,0.191491,0.196715,0.17494,0.154742,0.230467,0.027523,-0.000655
V1316M,2B,C_AIM,501,0.203729,0.202499,0.206636,0.201782,0.207167,0.158335,0.246783,-0.000717,-0.001395
V1316M,2B,N_AIM,501,0.198757,0.169423,0.199734,0.217481,0.17494,0.154742,0.298158,0.048058,0.003072
