case_id,panel,variant,variant_class,domain,primary_mechanism_axis,md_modality,initial_structure_or_data,structure_tier,matched_control,core_readouts,execution_status,priority,caveat
CASE_T1_001,Type_1,p.Ala1500Val,missense,A2,A2_destabilization_ADAMTS13,equilibrium_MD_20ns_pilot_then_50ns,structures/3GXB.pdb,experimental,WT_3GXB,RMSD; secondary-structure retention; local flexibility; Tyr1605-Met1606 exposure,not_started,1,Use experimental 3GXB and do not substitute the Boltz A2 model
CASE_T1_002,Type_1,p.Cys1950Tyr,missense,D4,D4_assembly_secretion,exploratory_equilibrium_MD_20ns,assay-matched Boltz WT/model,low_confidence_predicted,WT_D4_Boltz,RMSD; secondary-structure retention; local flexibility; domain packing,not_started,3,No independent experimental D4 structure; supporting evidence only
CASE_T1_003,Type_1,p.Gly2488=,synonymous, coding/splice context,splice_translation_axis,non_MD,AlphaGenome splice scorers plus coding constraint,not_applicable,matched_ref_and_alt_scores,SPLICE_SITES; SPLICE_SITE_USAGE; SPLICE_JUNCTIONS; merged score,not_started,3,Synonymous call is not itself a protein structural variant
CASE_T1_004,Type_1,large deletion/duplication,structural_variant,genome/CNV,dosage_structural_axis,non_MD,CNV breakpoints and dosage evidence,not_applicable,reference copy number,copy number; exon overlap; phase; regulatory overlap,not_started,3,Do not force single-domain MD for a large SV
CASE_T1_005,Type_1,p.Tyr988Ter,nonsense,D′D3/D2 boundary,NMD_secretion_axis,non_MD,NMD and variant-consequence evidence,not_applicable,matched nonsense control,premature termination; PTC exon position; expected NMD; Ag/Act,not_started,3,Structure MD is inappropriate for a null allele
CASE_T1_006,Type_1,p.Leu2407ProfsTer11,frameshift,C-domain,NMD_secretion_axis,non_MD,NMD and variant-consequence evidence,not_applicable,matched frameshift control,premature termination; PTC exon position; expected NMD; Ag/Act,not_started,3,Structure MD is inappropriate for a null allele
CASE_T1_007,Type_1,c.3379+1G>A,splice donor,splice,splice_axis,non_MD,AlphaGenome splice scorers,not_applicable,matched_ref_and_alt_scores,SPLICE_SITES; SPLICE_SITE_USAGE; SPLICE_JUNCTIONS; merged score,not_started,3,Canonical donor variant needs transcript-level rather than protein-MD evidence
CASE_T1_008,Type_1,p.Pro1413Leu,missense,A1,A1_AIM_autoinhibition,equilibrium_MD_50ns,structures/7A6O_AIM_A1_clean.pdb,experimental,PANEL_WT_MATCHED,AIM-A1 contacts; salt bridges; binding-face exposure; RMSD,complete_50ns,1,Existing A1/AIM result can be reused; not a 2B-specific positive-binding axis
CASE_T1_009,Type_1,p.Arg1205His,missense,D′D3,D_prime_D3_FVIII_binding,equilibrium_MD_20ns_pilot_then_50ns,structures/6N29.pdb,experimental,WT_6N29,fold stability; FVIII-binding surface retention; local flexibility; residue-pair distances,not_started,1,Very low FVIII:C makes D′D3-FVIII axis a high-priority modifier despite the recorded Type 1 label
CASE_T1_010,Type_1,p.Arg1943Cys,missense,D4,D4_assembly_secretion,exploratory_equilibrium_MD_20ns,assay-matched Boltz WT/model,low_confidence_predicted,WT_D4_Boltz,RMSD; secondary-structure retention; local flexibility; domain packing,not_started,3,No independent experimental D4 structure; supporting evidence only
CASE_T2B_001,Type_2B,p.Val1316Met,missense,A1,A1_AIM_and_A1_GPIb_alpha,equilibrium_MD_50ns_AIM; A1_GPIb_pilot,structures/7A6O_AIM_A1_clean.pdb; structures/1SQ0.pdb,experimental,PANEL_WT_MATCHED; WT_1SQ0,AIM contacts; A1 exposure; A1-GPIbα interface retention and RMSD,AIM_complete_50ns; GPIb_interface_complete,1,Reuse existing V1316M A1-GPIbα result before launching duplicates
CASE_T2B_002,Type_2B,p.V1316Met,missense,A1,A1_AIM_and_A1_GPIb_alpha,equilibrium_MD_50ns_AIM; A1_GPIb_pilot,structures/7A6O_AIM_A1_clean.pdb; structures/1SQ0.pdb,experimental,PANEL_WT_MATCHED; WT_1SQ0,AIM contacts; A1 exposure; A1-GPIbα interface retention and RMSD,AIM_complete_50ns; shared_with_T2B_001,1,Same variant as T2B_001; share computational result and retain clinical covariates separately
CASE_T2B_003,Type_2B,p.S1310F,missense,A1,A1_AIM_and_A1_GPIb_alpha,equilibrium_MD_50ns_AIM; A1_GPIb_pilot,structures/7A6O_AIM_A1_clean.pdb; structures/1SQ0.pdb,experimental,PANEL_WT_MATCHED; WT_1SQ0,AIM contacts; A1 exposure; A1-GPIbα interface retention and RMSD,AIM_complete_50ns; GPIb_not_started,1,Run 1SQ0 A1-GPIbα axis for the 2B-positive direction
CASE_T2B_004,Type_2B,p.R1308C,missense,A1,A1_AIM_and_A1_GPIb_alpha,equilibrium_MD_50ns_AIM; A1_GPIb_pilot,structures/7A6O_AIM_A1_clean.pdb; structures/1SQ0.pdb,experimental,PANEL_WT_MATCHED; WT_1SQ0,AIM contacts; A1 exposure; A1-GPIbα interface retention and RMSD,AIM_complete_50ns; GPIb_not_started,1,Run 1SQ0 A1-GPIbα axis for the 2B-positive direction
CASE_T2B_005,Type_2B,p.A1461D,missense,A1,A1_AIM_and_A1_GPIb_alpha,equilibrium_MD_50ns_AIM; A1_GPIb_pilot,structures/7A6O_AIM_A1_clean.pdb; structures/1SQ0.pdb,experimental,PANEL_WT_MATCHED; WT_1SQ0,AIM contacts; A1 exposure; A1-GPIbα interface retention and RMSD,AIM_complete_50ns; GPIb_not_started,1,Run 1SQ0 A1-GPIbα axis for the 2B-positive direction
CASE_T2B_005,Type_2B,p.D2449N,benign missense,C-domain,C_domain_benign_control,optional_20ns_calibration_or_non_MD,assay-matched Boltz WT/model,low_confidence_predicted,WT_C_domain,local flexibility; packing; calibration drift,not_started,4,Reported benign; use only as a benign/reference calibration point
CASE_T2B_006,Type_2B,p.Arg1341Trp,missense,A1,A1_AIM_and_A1_GPIb_alpha,equilibrium_MD_50ns_AIM; A1_GPIb_pilot,structures/7A6O_AIM_A1_clean.pdb; structures/1SQ0.pdb,experimental,PANEL_WT_MATCHED; WT_1SQ0,AIM contacts; A1 exposure; A1-GPIbα interface retention and RMSD,AIM_complete_50ns; GPIb_not_started,1,Run 1SQ0 A1-GPIbα axis for the 2B-positive direction
