case_id,source,source_record_id,query,retrieved_at,source_version,supports,refutes,confidence,conclusion,limitations,raw_excerpt_locator
CASE_T2B_001,alphagenome_full_profile,CASE_T2B_001:alphagenome-full-profile,chr12:6019472:C>T,2026-08-29T13:28:53.519952+00:00,alphagenome_agent_features.csv,,,,"AlphaGenome complete-profile selected-track scores; top absolute views: ag_chip_histone_active_abs_max=1.124e+04, ag_chip_tf_active_abs_max=1846, ag_cage_active_abs_max=640.9, ag_dnase_active_abs_max=31.95, ag_procap_active_abs_max=20.94.","[""Research-only regulatory and splicing effect scores; they are not clinical pathogenicity classifications."", ""Cell selection follows the returned output_metadata plan; unavailable VWF-relevant tracks remain missing rather than using unrelated biosamples.""]",outputs/type2b_panel_agent_20260829/server_bundle/results/alphagenome/alphagenome_agent_features.csv
CASE_T2B_002,alphagenome_full_profile,CASE_T2B_002:alphagenome-full-profile,chr12:6019472:C>T,2026-08-29T13:28:53.521173+00:00,alphagenome_agent_features.csv,,,,"AlphaGenome complete-profile selected-track scores; top absolute views: ag_chip_histone_active_abs_max=1.124e+04, ag_chip_tf_active_abs_max=1846, ag_cage_active_abs_max=640.9, ag_dnase_active_abs_max=31.95, ag_procap_active_abs_max=20.94.","[""Research-only regulatory and splicing effect scores; they are not clinical pathogenicity classifications."", ""Cell selection follows the returned output_metadata plan; unavailable VWF-relevant tracks remain missing rather than using unrelated biosamples.""]",outputs/type2b_panel_agent_20260829/server_bundle/results/alphagenome/alphagenome_agent_features.csv
CASE_T2B_003,alphagenome_full_profile,CASE_T2B_003:alphagenome-full-profile,chr12:6019489:G>A,2026-08-29T13:28:53.522240+00:00,alphagenome_agent_features.csv,,,,"AlphaGenome complete-profile selected-track scores; top absolute views: ag_chip_histone_active_abs_max=1.111e+04, ag_chip_tf_active_abs_max=1838, ag_cage_active_abs_max=612, ag_dnase_active_abs_max=31.83, ag_procap_active_abs_max=19.79.","[""Research-only regulatory and splicing effect scores; they are not clinical pathogenicity classifications."", ""Cell selection follows the returned output_metadata plan; unavailable VWF-relevant tracks remain missing rather than using unrelated biosamples.""]",outputs/type2b_panel_agent_20260829/server_bundle/results/alphagenome/alphagenome_agent_features.csv
CASE_T2B_004,alphagenome_full_profile,CASE_T2B_004:alphagenome-full-profile,chr12:6019496:G>A,2026-08-29T13:28:53.523288+00:00,alphagenome_agent_features.csv,,,,"AlphaGenome complete-profile selected-track scores; top absolute views: ag_chip_histone_active_abs_max=1.115e+04, ag_chip_tf_active_abs_max=1850, ag_cage_active_abs_max=620.5, ag_dnase_active_abs_max=32.23, ag_procap_active_abs_max=20.94.","[""Research-only regulatory and splicing effect scores; they are not clinical pathogenicity classifications."", ""Cell selection follows the returned output_metadata plan; unavailable VWF-relevant tracks remain missing rather than using unrelated biosamples.""]",outputs/type2b_panel_agent_20260829/server_bundle/results/alphagenome/alphagenome_agent_features.csv
CASE_T2B_005,alphagenome_full_profile,CASE_T2B_005_VARIANT_1:alphagenome-full-profile,chr12:6019036:G>T,2026-08-29T13:28:53.524314+00:00,alphagenome_agent_features.csv,,,,"AlphaGenome complete-profile selected-track scores; top absolute views: ag_chip_histone_active_abs_max=1.172e+04, ag_chip_tf_active_abs_max=1836, ag_cage_active_abs_max=515.1, ag_dnase_active_abs_max=41.11, ag_procap_active_abs_max=23.4.","[""Research-only regulatory and splicing effect scores; they are not clinical pathogenicity classifications."", ""Cell selection follows the returned output_metadata plan; unavailable VWF-relevant tracks remain missing rather than using unrelated biosamples.""]",outputs/type2b_panel_agent_20260829/server_bundle/results/alphagenome/alphagenome_agent_features.csv
CASE_T2B_005,alphagenome_full_profile,CASE_T2B_005_VARIANT_2_BENIGN:alphagenome-full-profile,chr12:5976203:C>T,2026-08-29T13:28:53.525273+00:00,alphagenome_agent_features.csv,,,,"AlphaGenome complete-profile selected-track scores; top absolute views: ag_chip_histone_active_abs_max=7197, ag_chip_tf_active_abs_max=1284, ag_cage_active_abs_max=194.9, ag_dnase_active_abs_max=29.56, ag_procap_active_abs_max=17.99.","[""Research-only regulatory and splicing effect scores; they are not clinical pathogenicity classifications."", ""Cell selection follows the returned output_metadata plan; unavailable VWF-relevant tracks remain missing rather than using unrelated biosamples.""]",outputs/type2b_panel_agent_20260829/server_bundle/results/alphagenome/alphagenome_agent_features.csv
CASE_T2B_006,alphagenome_full_profile,CASE_T2B_006:alphagenome-full-profile,chr12:6019397:G>A,2026-08-29T13:28:53.526220+00:00,alphagenome_agent_features.csv,,,,"AlphaGenome complete-profile selected-track scores; top absolute views: ag_chip_histone_active_abs_max=1.108e+04, ag_chip_tf_active_abs_max=1776, ag_cage_active_abs_max=595.7, ag_dnase_active_abs_max=35.55, ag_procap_active_abs_max=19.52.","[""Research-only regulatory and splicing effect scores; they are not clinical pathogenicity classifications."", ""Cell selection follows the returned output_metadata plan; unavailable VWF-relevant tracks remain missing rather than using unrelated biosamples.""]",outputs/type2b_panel_agent_20260829/server_bundle/results/alphagenome/alphagenome_agent_features.csv
CASE_T2B_005,boltz2_functional_panel,CASE_T2B_005:VWF_A1461D:boltz2-functional-panel,A1461D,2026-08-29T13:28:53.548083+00:00,boltz_results_summary.csv,,,,Assay-matched Boltz-2 structural deltas: a1_aim_autoinhibition_context delta_vs_WT=-0.1408; a1_gpiba_forced_binding delta_vs_WT=-0.01032; a1_heparan_sulfate_binding delta_vs_WT=-0.1605.,"[""Boltz confidence metrics are structural proxies, not binding free energies or clinical classifications."", ""Every delta uses the WT baseline from the same assay construct.""]",outputs/type2b_panel_agent_20260829/server_bundle/results/boltz/boltz_results_summary.csv
CASE_T2B_005,boltz2_functional_panel,CASE_T2B_005:VWF_D2449N:boltz2-functional-panel,D2449N,2026-08-29T13:28:53.549564+00:00,boltz_results_summary.csv,,,,Assay-matched Boltz-2 structural deltas: c_domain_assembly_context delta_vs_WT=-0.00157.,"[""Boltz confidence metrics are structural proxies, not binding free energies or clinical classifications."", ""Every delta uses the WT baseline from the same assay construct.""]",outputs/type2b_panel_agent_20260829/server_bundle/results/boltz/boltz_results_summary.csv
CASE_T2B_004,boltz2_functional_panel,CASE_T2B_004:VWF_R1308C:boltz2-functional-panel,R1308C,2026-08-29T13:28:53.551668+00:00,boltz_results_summary.csv,,,,Assay-matched Boltz-2 structural deltas: a1_aim_autoinhibition_context delta_vs_WT=-0.1152; a1_gpiba_forced_binding delta_vs_WT=-0.00055; a1_heparan_sulfate_binding delta_vs_WT=0.08599.,"[""Boltz confidence metrics are structural proxies, not binding free energies or clinical classifications."", ""Every delta uses the WT baseline from the same assay construct.""]",outputs/type2b_panel_agent_20260829/server_bundle/results/boltz/boltz_results_summary.csv
CASE_T2B_006,boltz2_functional_panel,CASE_T2B_006:VWF_R1341W:boltz2-functional-panel,R1341W,2026-08-29T13:28:53.553832+00:00,boltz_results_summary.csv,,,,Assay-matched Boltz-2 structural deltas: a1_aim_autoinhibition_context delta_vs_WT=-0.1366; a1_gpiba_forced_binding delta_vs_WT=-0.02476; a1_heparan_sulfate_binding delta_vs_WT=0.00728.,"[""Boltz confidence metrics are structural proxies, not binding free energies or clinical classifications."", ""Every delta uses the WT baseline from the same assay construct.""]",outputs/type2b_panel_agent_20260829/server_bundle/results/boltz/boltz_results_summary.csv
CASE_T2B_003,boltz2_functional_panel,CASE_T2B_003:VWF_S1310F:boltz2-functional-panel,S1310F,2026-08-29T13:28:53.555935+00:00,boltz_results_summary.csv,,,,Assay-matched Boltz-2 structural deltas: a1_aim_autoinhibition_context delta_vs_WT=-0.03908; a1_gpiba_forced_binding delta_vs_WT=-0.04199; a1_heparan_sulfate_binding delta_vs_WT=-0.01172.,"[""Boltz confidence metrics are structural proxies, not binding free energies or clinical classifications."", ""Every delta uses the WT baseline from the same assay construct.""]",outputs/type2b_panel_agent_20260829/server_bundle/results/boltz/boltz_results_summary.csv
CASE_T2B_001,boltz2_functional_panel,CASE_T2B_001:VWF_V1316M:boltz2-functional-panel,V1316M,2026-08-29T13:28:53.558011+00:00,boltz_results_summary.csv,,,,Assay-matched Boltz-2 structural deltas: a1_aim_autoinhibition_context delta_vs_WT=-0.08661; a1_gpiba_forced_binding delta_vs_WT=-0.09084; a1_heparan_sulfate_binding delta_vs_WT=-0.05267.,"[""Boltz confidence metrics are structural proxies, not binding free energies or clinical classifications."", ""Every delta uses the WT baseline from the same assay construct.""]",outputs/type2b_panel_agent_20260829/server_bundle/results/boltz/boltz_results_summary.csv
CASE_T2B_002,boltz2_functional_panel,CASE_T2B_002:VWF_V1316M:boltz2-functional-panel,V1316M,2026-08-29T13:28:53.558034+00:00,boltz_results_summary.csv,,,,Assay-matched Boltz-2 structural deltas: a1_aim_autoinhibition_context delta_vs_WT=-0.08661; a1_gpiba_forced_binding delta_vs_WT=-0.09084; a1_heparan_sulfate_binding delta_vs_WT=-0.05267.,"[""Boltz confidence metrics are structural proxies, not binding free energies or clinical classifications."", ""Every delta uses the WT baseline from the same assay construct.""]",outputs/type2b_panel_agent_20260829/server_bundle/results/boltz/boltz_results_summary.csv
