variant,label,AIM_all_contacts_frames,AIM_all_contacts_mean,AIM_all_contacts_first0_5,AIM_all_contacts_mid20_30,AIM_all_contacts_tail40_50,AIM_all_contacts_final,AIM_all_contacts_min,AIM_all_contacts_max,AIM_all_contacts_tail_minus_first,N_AIM_contacts_frames,N_AIM_contacts_mean,N_AIM_contacts_first0_5,N_AIM_contacts_mid20_30,N_AIM_contacts_tail40_50,N_AIM_contacts_final,N_AIM_contacts_min,N_AIM_contacts_max,N_AIM_contacts_tail_minus_first,C_AIM_contacts_frames,C_AIM_contacts_mean,C_AIM_contacts_first0_5,C_AIM_contacts_mid20_30,C_AIM_contacts_tail40_50,C_AIM_contacts_final,C_AIM_contacts_min,C_AIM_contacts_max,C_AIM_contacts_tail_minus_first
Y1321C,?,501,125.0818,133.4118,118.8911,113.8911,122.0,88.0,169.0,-19.5207,501,68.6567,75.2549,62.0297,57.7624,60.0,33.0,115.0,-17.4925,501,57.2176,59.2157,56.901,56.2079,62.0,30.0,90.0,-3.0078
Y1321W,?,501,102.3034,114.0588,99.0198,98.0,78.0,75.0,154.0,-16.0588,501,46.6108,61.2941,43.2673,42.495,30.0,27.0,102.0,-18.7991,501,55.7425,52.7843,55.802,55.5347,48.0,27.0,76.0,2.7503
G1324A,?,501,122.9341,126.5882,139.3465,112.2673,134.0,84.0,169.0,-14.3209,501,67.986,71.2157,83.4356,56.5842,72.0,28.0,112.0,-14.6315,501,55.4651,55.451,57.0396,56.3861,62.0,31.0,79.0,0.9352
G1324R,?,501,107.6407,139.2549,98.8119,95.5347,117.0,55.0,182.0,-43.7202,501,42.98,83.7843,33.4554,19.9307,33.0,0.0,117.0,-63.8536,501,64.6846,55.4706,65.3564,75.604,84.0,37.0,98.0,20.1334
A1377V,?,501,102.505,118.902,92.802,93.2475,79.0,39.0,162.0,-25.6544,501,52.0938,69.8824,45.6436,39.2277,35.0,4.0,108.0,-30.6546,501,51.1397,49.3333,47.8515,54.0297,44.0,25.0,70.0,4.6964
L1276P,?,501,122.0479,146.8039,115.5149,112.7921,139.0,71.0,180.0,-34.0118,501,74.3034,92.1961,70.2871,66.4158,83.0,20.0,132.0,-25.7802,501,48.0459,56.8431,45.2574,46.3861,57.0,24.0,82.0,-10.457
L1276R,?,501,118.7325,144.1765,102.5644,98.8515,107.0,74.0,170.0,-45.325,501,74.3772,94.6275,59.5941,53.9505,62.0,32.0,123.0,-40.677,501,44.5269,49.7059,43.505,44.9109,45.0,24.0,69.0,-4.795
D1302G,?,501,108.988,106.1569,122.2574,109.7822,122.0,64.0,152.0,3.6253,501,54.3493,49.2549,67.7624,56.0099,63.0,13.0,102.0,6.755,501,55.3533,58.4706,55.8515,53.8119,59.0,35.0,78.0,-4.6587
R1315G,?,501,102.5529,110.9216,102.6733,98.6337,101.0,46.0,150.0,-12.2879,501,50.9441,54.4118,51.5842,48.604,50.0,13.0,101.0,-5.8078,501,52.3493,57.6471,52.1683,50.0297,51.0,26.0,77.0,-7.6174
R1315P,?,501,105.8363,109.2745,110.6139,105.4851,105.0,65.0,167.0,-3.7894,501,60.6367,55.2549,67.7921,63.198,54.0,21.0,115.0,7.9431,501,46.3373,54.3137,44.505,43.6436,51.0,26.0,70.0,-10.6702
H1322P,?,501,115.9182,121.6275,119.604,120.7525,126.0,77.0,160.0,-0.875,501,71.2914,78.1765,77.4059,76.1881,85.0,35.0,112.0,-1.9884,501,45.0878,43.4706,42.6337,44.6931,41.0,27.0,72.0,1.2225
A1355D,?,501,95.8044,131.6667,89.8515,88.0198,91.0,54.0,158.0,-43.6469,501,46.3752,71.7451,45.2772,41.1386,37.0,8.0,101.0,-30.6065,501,49.5609,60.0784,44.5842,46.8812,54.0,25.0,79.0,-13.1972
E1359K,?,501,109.2475,99.6471,110.0,114.1485,136.0,62.0,156.0,14.5015,501,54.8882,46.2353,55.0,57.8713,78.0,15.0,109.0,11.636,501,54.4132,53.4118,55.0693,56.3069,58.0,34.0,75.0,2.8952
V1360A,?,501,112.3054,119.1765,109.4554,111.8812,109.0,49.0,159.0,-7.2953,501,58.4731,63.7451,58.901,60.5644,61.0,6.0,99.0,-3.1807,501,54.0818,55.5686,50.901,51.4851,48.0,36.0,71.0,-4.0835
L1361W,?,501,114.6507,118.1373,113.5743,112.8416,105.0,74.0,170.0,-5.2957,501,58.6866,61.1961,57.396,53.9901,43.0,29.0,109.0,-7.206,501,56.0519,57.2941,56.2277,58.8812,62.0,34.0,75.0,1.5871
K1362T,?,501,88.5749,106.7255,78.5446,86.6337,78.0,46.0,188.0,-20.0918,501,37.9082,51.4706,28.5545,45.2277,37.0,5.0,140.0,-6.2429,501,51.3633,55.3725,50.1386,41.4653,41.0,20.0,72.0,-13.9072
Y1363C,?,501,121.7206,154.8039,117.8317,118.7624,102.0,83.0,184.0,-36.0415,501,64.6786,96.9216,56.9901,63.7624,53.0,26.0,119.0,-33.1592,501,57.1537,57.8824,60.8614,55.1089,49.0,34.0,78.0,-2.7734
F1369I,?,501,112.5808,127.0784,113.3663,106.4059,109.0,82.0,159.0,-20.6725,501,56.0539,71.2353,56.802,48.198,61.0,31.0,98.0,-23.0373,501,56.7226,56.4118,56.7525,58.2178,48.0,40.0,76.0,1.8061
D1373Y,?,501,117.8144,133.0196,108.0198,114.4158,96.0,84.0,171.0,-18.6038,501,67.1936,77.2157,55.6238,68.7426,65.0,40.0,119.0,-8.4731,501,50.7265,56.5294,52.4356,45.6733,31.0,29.0,74.0,-10.8561
L1382P,?,501,123.9182,118.8431,120.1782,131.0891,126.0,90.0,168.0,12.246,501,76.503,68.3725,73.1782,83.1485,80.0,43.0,111.0,14.776,501,49.8363,50.4706,49.9802,50.1782,46.0,24.0,70.0,-0.2924
L1383R,?,501,139.2216,165.2353,129.6139,127.4554,137.0,98.0,213.0,-37.7798,501,83.6667,109.6863,72.1485,70.9703,67.0,49.0,152.0,-38.716,501,55.7884,55.5882,57.6733,56.604,70.0,33.0,74.0,1.0157
S1387I,?,501,134.2934,160.5098,128.9703,117.2376,112.0,87.0,192.0,-43.2722,501,78.1856,104.3137,72.9505,61.4554,51.0,33.0,139.0,-42.8583,501,56.2056,56.1961,56.099,55.7822,61.0,35.0,72.0,-0.4139
