artifact_id,layer,repo_path,uri,revision,size_bytes,sha256,n_npz,n_sidecar,cif_models,confidence_jsons,pae_npz,pde_npz,plddt_npz,done_marker,md_tag,merged_full_xtc,has_final_gro
ag16__CASE_T1_001,alphagenome,computational_evidence_16case_20260905/alphagenome/CASE_T1_001.tar.gz,https://huggingface.co/datasets/lucachangretta/VWF/resolve/main/computational_evidence_16case_20260905/alphagenome/CASE_T1_001.tar.gz@e69d65d00d71c666c7e94305977b5ab529fa1f45,e69d65d00d71c666c7e94305977b5ab529fa1f45,173591247,742e6f24f12dccc2af5f5ee7b95041a74a13220fc176968e7b6035722a476e14,9.0,9.0,,,,,,,,,
ag16__CASE_T1_002,alphagenome,computational_evidence_16case_20260905/alphagenome/CASE_T1_002.tar.gz,https://huggingface.co/datasets/lucachangretta/VWF/resolve/main/computational_evidence_16case_20260905/alphagenome/CASE_T1_002.tar.gz@e69d65d00d71c666c7e94305977b5ab529fa1f45,e69d65d00d71c666c7e94305977b5ab529fa1f45,172764401,499a04a6a917a0479a1973f01574c27dfafd2da082e574fb4ffc642d31cac82f,9.0,9.0,,,,,,,,,
ag16__CASE_T1_003,alphagenome,computational_evidence_16case_20260905/alphagenome/CASE_T1_003.tar.gz,https://huggingface.co/datasets/lucachangretta/VWF/resolve/main/computational_evidence_16case_20260905/alphagenome/CASE_T1_003.tar.gz@e69d65d00d71c666c7e94305977b5ab529fa1f45,e69d65d00d71c666c7e94305977b5ab529fa1f45,172226300,e7754ad942227f405e8780f41d5261647e7e38dc228f3fe14fd8f10a103d7c73,9.0,9.0,,,,,,,,,
ag16__CASE_T1_005,alphagenome,computational_evidence_16case_20260905/alphagenome/CASE_T1_005.tar.gz,https://huggingface.co/datasets/lucachangretta/VWF/resolve/main/computational_evidence_16case_20260905/alphagenome/CASE_T1_005.tar.gz@e69d65d00d71c666c7e94305977b5ab529fa1f45,e69d65d00d71c666c7e94305977b5ab529fa1f45,174354447,b68fc4d249574b77741a04db809dac7507113617e1550f3c8b5ce77cdaa92b16,9.0,9.0,,,,,,,,,
ag16__CASE_T1_006,alphagenome,computational_evidence_16case_20260905/alphagenome/CASE_T1_006.tar.gz,https://huggingface.co/datasets/lucachangretta/VWF/resolve/main/computational_evidence_16case_20260905/alphagenome/CASE_T1_006.tar.gz@e69d65d00d71c666c7e94305977b5ab529fa1f45,e69d65d00d71c666c7e94305977b5ab529fa1f45,172393178,92d6aee3209118e0210b6d15d1c65b204b58fb75980a4e3d99f5302a27abe725,9.0,9.0,,,,,,,,,
ag16__CASE_T1_007,alphagenome,computational_evidence_16case_20260905/alphagenome/CASE_T1_007.tar.gz,https://huggingface.co/datasets/lucachangretta/VWF/resolve/main/computational_evidence_16case_20260905/alphagenome/CASE_T1_007.tar.gz@e69d65d00d71c666c7e94305977b5ab529fa1f45,e69d65d00d71c666c7e94305977b5ab529fa1f45,173810945,65a92145a293fb8d927786967e2ef22162b76fe0f091d1159bf3adf4a698afa5,9.0,9.0,,,,,,,,,
ag16__CASE_T1_008,alphagenome,computational_evidence_16case_20260905/alphagenome/CASE_T1_008.tar.gz,https://huggingface.co/datasets/lucachangretta/VWF/resolve/main/computational_evidence_16case_20260905/alphagenome/CASE_T1_008.tar.gz@e69d65d00d71c666c7e94305977b5ab529fa1f45,e69d65d00d71c666c7e94305977b5ab529fa1f45,173486187,76a1e533aa9cbd43a912eba0e5226af3c0e72d985673244dabda4b821032b9ae,9.0,9.0,,,,,,,,,
ag16__CASE_T1_009,alphagenome,computational_evidence_16case_20260905/alphagenome/CASE_T1_009.tar.gz,https://huggingface.co/datasets/lucachangretta/VWF/resolve/main/computational_evidence_16case_20260905/alphagenome/CASE_T1_009.tar.gz@e69d65d00d71c666c7e94305977b5ab529fa1f45,e69d65d00d71c666c7e94305977b5ab529fa1f45,173760830,f8150d54f279fa006b392703216bf2c2ac03f7f7aba3f1aab96fb191e85ed896,9.0,9.0,,,,,,,,,
ag16__CASE_T1_010,alphagenome,computational_evidence_16case_20260905/alphagenome/CASE_T1_010.tar.gz,https://huggingface.co/datasets/lucachangretta/VWF/resolve/main/computational_evidence_16case_20260905/alphagenome/CASE_T1_010.tar.gz@e69d65d00d71c666c7e94305977b5ab529fa1f45,e69d65d00d71c666c7e94305977b5ab529fa1f45,173374046,7d7f7cffc7fdea02c084aa74ce0da01f2dde9d7055dd070cf386df7cb5161849,9.0,9.0,,,,,,,,,
ag16__CASE_T2B_001,alphagenome,computational_evidence_16case_20260905/alphagenome/CASE_T2B_001.tar.gz,https://huggingface.co/datasets/lucachangretta/VWF/resolve/main/computational_evidence_16case_20260905/alphagenome/CASE_T2B_001.tar.gz@e69d65d00d71c666c7e94305977b5ab529fa1f45,e69d65d00d71c666c7e94305977b5ab529fa1f45,173638893,d56fd36460b1c863eb176a8a2022d7f8cf977b520f0e5b5d2de00e33c6e9e844,9.0,9.0,,,,,,,,,
ag16__CASE_T2B_002,alphagenome,computational_evidence_16case_20260905/alphagenome/CASE_T2B_002.tar.gz,https://huggingface.co/datasets/lucachangretta/VWF/resolve/main/computational_evidence_16case_20260905/alphagenome/CASE_T2B_002.tar.gz@e69d65d00d71c666c7e94305977b5ab529fa1f45,e69d65d00d71c666c7e94305977b5ab529fa1f45,173638907,c8725f1f3c1ba298a4e44eefd14691356ea1ba6277910dba5027d03d5548299e,9.0,9.0,,,,,,,,,
ag16__CASE_T2B_003,alphagenome,computational_evidence_16case_20260905/alphagenome/CASE_T2B_003.tar.gz,https://huggingface.co/datasets/lucachangretta/VWF/resolve/main/computational_evidence_16case_20260905/alphagenome/CASE_T2B_003.tar.gz@e69d65d00d71c666c7e94305977b5ab529fa1f45,e69d65d00d71c666c7e94305977b5ab529fa1f45,173889100,0ef10d8e54d67fb8ddc8ae10ab4aa3e762900ca431d768d26eba5627726ec975,9.0,9.0,,,,,,,,,
ag16__CASE_T2B_004,alphagenome,computational_evidence_16case_20260905/alphagenome/CASE_T2B_004.tar.gz,https://huggingface.co/datasets/lucachangretta/VWF/resolve/main/computational_evidence_16case_20260905/alphagenome/CASE_T2B_004.tar.gz@e69d65d00d71c666c7e94305977b5ab529fa1f45,e69d65d00d71c666c7e94305977b5ab529fa1f45,173712751,71dd1f10fa0b97c28c6af9311cd9b7265ef1c8ce6532c0384c2c869afc3299eb,9.0,9.0,,,,,,,,,
ag16__CASE_T2B_005_VARIANT_1,alphagenome,computational_evidence_16case_20260905/alphagenome/CASE_T2B_005_VARIANT_1.tar.gz,https://huggingface.co/datasets/lucachangretta/VWF/resolve/main/computational_evidence_16case_20260905/alphagenome/CASE_T2B_005_VARIANT_1.tar.gz@e69d65d00d71c666c7e94305977b5ab529fa1f45,e69d65d00d71c666c7e94305977b5ab529fa1f45,173562643,58c6da3fc3205fd56e2f5251dabafcf39442d350a3410b53df856abf0e382901,9.0,9.0,,,,,,,,,
ag16__CASE_T2B_005_VARIANT_2_BENIGN,alphagenome,computational_evidence_16case_20260905/alphagenome/CASE_T2B_005_VARIANT_2_BENIGN.tar.gz,https://huggingface.co/datasets/lucachangretta/VWF/resolve/main/computational_evidence_16case_20260905/alphagenome/CASE_T2B_005_VARIANT_2_BENIGN.tar.gz@e69d65d00d71c666c7e94305977b5ab529fa1f45,e69d65d00d71c666c7e94305977b5ab529fa1f45,172380100,a834a33616945e9034c9c38f4f719f30693f1b184e621e8a1c93249d65c60a0a,9.0,9.0,,,,,,,,,
ag16__CASE_T2B_006,alphagenome,computational_evidence_16case_20260905/alphagenome/CASE_T2B_006.tar.gz,https://huggingface.co/datasets/lucachangretta/VWF/resolve/main/computational_evidence_16case_20260905/alphagenome/CASE_T2B_006.tar.gz@e69d65d00d71c666c7e94305977b5ab529fa1f45,e69d65d00d71c666c7e94305977b5ab529fa1f45,173573576,040704593c2e6f30dbfd07b8aa0ba3d55f0f1a98fb88da1b4758e182a36fa2db,9.0,9.0,,,,,,,,,
ag16__shared__ledger_flat.csv,alphagenome,computational_evidence_16case_20260905/alphagenome/ledger_flat.csv,https://huggingface.co/datasets/lucachangretta/VWF/resolve/main/computational_evidence_16case_20260905/alphagenome/ledger_flat.csv@e69d65d00d71c666c7e94305977b5ab529fa1f45,e69d65d00d71c666c7e94305977b5ab529fa1f45,9826,aec1dd0d2c42f315a4d3d8b018978de07a2991c0cadb47c48447363998dd6f27,,,,,,,,,,,
ag16__shared__run_ledger.jsonl,alphagenome,computational_evidence_16case_20260905/alphagenome/run_ledger.jsonl,https://huggingface.co/datasets/lucachangretta/VWF/resolve/main/computational_evidence_16case_20260905/alphagenome/run_ledger.jsonl@e69d65d00d71c666c7e94305977b5ab529fa1f45,e69d65d00d71c666c7e94305977b5ab529fa1f45,80721,fc7a0563dcc8848f86a3369c7c71fa2d3e44bb4ddf8e883c1ddff5d2d7df651e,,,,,,,,,,,
ag16__shared__run_manifest.json,alphagenome,computational_evidence_16case_20260905/alphagenome/run_manifest.json,https://huggingface.co/datasets/lucachangretta/VWF/resolve/main/computational_evidence_16case_20260905/alphagenome/run_manifest.json@e69d65d00d71c666c7e94305977b5ab529fa1f45,e69d65d00d71c666c7e94305977b5ab529fa1f45,4086,d8fdb0d942cfdeab62e7ca6b9570712f66172eb15f6a3ac284635cd5abcc6fe6,,,,,,,,,,,
ag16__shared__ontology_plan.json,alphagenome,computational_evidence_16case_20260905/alphagenome/ontology_plan.json,https://huggingface.co/datasets/lucachangretta/VWF/resolve/main/computational_evidence_16case_20260905/alphagenome/ontology_plan.json@e69d65d00d71c666c7e94305977b5ab529fa1f45,e69d65d00d71c666c7e94305977b5ab529fa1f45,3136,a143598e1f7da0a6dacfe3d55c0f82e7184aeb98999903e858ba815cefb3a868,,,,,,,,,,,
boltz__VWF_A1461D__a1_aim_autoinhibition_context,boltz2,computational_panel_20260829/boltz_raw/boltz_results_VWF_A1461D__a1_aim_autoinhibition_context.tar.gz,https://huggingface.co/datasets/lucachangretta/VWF/resolve/main/computational_panel_20260829/boltz_raw/boltz_results_VWF_A1461D__a1_aim_autoinhibition_context.tar.gz@e69d65d00d71c666c7e94305977b5ab529fa1f45,e69d65d00d71c666c7e94305977b5ab529fa1f45,2563875,9132dd00a2e9b903daa1cb1a1ddd91a585c305848de5f67115d557d5a29229cb,,,5.0,5.0,5.0,5.0,5.0,true,,,
boltz__VWF_A1461D__a1_gpiba_forced_binding,boltz2,computational_panel_20260829/boltz_raw/boltz_results_VWF_A1461D__a1_gpiba_forced_binding.tar.gz,https://huggingface.co/datasets/lucachangretta/VWF/resolve/main/computational_panel_20260829/boltz_raw/boltz_results_VWF_A1461D__a1_gpiba_forced_binding.tar.gz@e69d65d00d71c666c7e94305977b5ab529fa1f45,e69d65d00d71c666c7e94305977b5ab529fa1f45,9856539,ea6790410137bfb765f03776a5abcfb8a4024ce8784acb9c4e7ee39530e3b039,,,5.0,5.0,5.0,5.0,5.0,true,,,
boltz__VWF_A1461D__a1_heparan_sulfate_binding,boltz2,computational_panel_20260829/boltz_raw/boltz_results_VWF_A1461D__a1_heparan_sulfate_binding.tar.gz,https://huggingface.co/datasets/lucachangretta/VWF/resolve/main/computational_panel_20260829/boltz_raw/boltz_results_VWF_A1461D__a1_heparan_sulfate_binding.tar.gz@e69d65d00d71c666c7e94305977b5ab529fa1f45,e69d65d00d71c666c7e94305977b5ab529fa1f45,2006328,0cd5ba2bf3217f6d943e2186cf41b192fb0c5c330c354c1223e682536c2290e0,,,5.0,5.0,5.0,5.0,5.0,true,,,
boltz__VWF_A1500V__a2_adamts13_folded_complex,boltz2,computational_panel_20260829/boltz_raw/boltz_results_VWF_A1500V__a2_adamts13_folded_complex.tar.gz,https://huggingface.co/datasets/lucachangretta/VWF/resolve/main/computational_panel_20260829/boltz_raw/boltz_results_VWF_A1500V__a2_adamts13_folded_complex.tar.gz@e69d65d00d71c666c7e94305977b5ab529fa1f45,e69d65d00d71c666c7e94305977b5ab529fa1f45,4051052,88ea6ba957a328ee198f78e077bfff3b317e3bb156fe3786a8067e9105d1d82e,,,5.0,5.0,5.0,5.0,5.0,true,,,
boltz__VWF_A1500V__a2_folded_stability,boltz2,computational_panel_20260829/boltz_raw/boltz_results_VWF_A1500V__a2_folded_stability.tar.gz,https://huggingface.co/datasets/lucachangretta/VWF/resolve/main/computational_panel_20260829/boltz_raw/boltz_results_VWF_A1500V__a2_folded_stability.tar.gz@e69d65d00d71c666c7e94305977b5ab529fa1f45,e69d65d00d71c666c7e94305977b5ab529fa1f45,1426478,1800b22c86bf50bf530dd18a9b70718db19b77db8ebd92905fc9429af1cd2ea2,,,5.0,5.0,5.0,5.0,5.0,true,,,
boltz__VWF_C1950Y__d4_assembly_context,boltz2,computational_panel_20260829/boltz_raw/boltz_results_VWF_C1950Y__d4_assembly_context.tar.gz,https://huggingface.co/datasets/lucachangretta/VWF/resolve/main/computational_panel_20260829/boltz_raw/boltz_results_VWF_C1950Y__d4_assembly_context.tar.gz@e69d65d00d71c666c7e94305977b5ab529fa1f45,e69d65d00d71c666c7e94305977b5ab529fa1f45,5318829,80af27ab7c664752bbe04324727c6a4d25c2165fb2221bb44e6a17d30c084692,,,5.0,5.0,5.0,5.0,5.0,true,,,
boltz__VWF_D2449N__c_domain_assembly_context,boltz2,computational_panel_20260829/boltz_raw/boltz_results_VWF_D2449N__c_domain_assembly_context.tar.gz,https://huggingface.co/datasets/lucachangretta/VWF/resolve/main/computational_panel_20260829/boltz_raw/boltz_results_VWF_D2449N__c_domain_assembly_context.tar.gz@e69d65d00d71c666c7e94305977b5ab529fa1f45,e69d65d00d71c666c7e94305977b5ab529fa1f45,8060279,47a9542d473f2659ce918e1f2ee016d34d4c3e26ae04f1f8997b1a73fe856d66,,,5.0,5.0,5.0,5.0,5.0,true,,,
boltz__VWF_P1413L__a1_aim_autoinhibition_context,boltz2,computational_panel_20260829/boltz_raw/boltz_results_VWF_P1413L__a1_aim_autoinhibition_context.tar.gz,https://huggingface.co/datasets/lucachangretta/VWF/resolve/main/computational_panel_20260829/boltz_raw/boltz_results_VWF_P1413L__a1_aim_autoinhibition_context.tar.gz@e69d65d00d71c666c7e94305977b5ab529fa1f45,e69d65d00d71c666c7e94305977b5ab529fa1f45,2573584,d4f1272acb39e83deee81ec27ab299b50012fb62c279e4749ed57b26b96504b2,,,5.0,5.0,5.0,5.0,5.0,true,,,
boltz__VWF_P1413L__a1_gpiba_forced_binding,boltz2,computational_panel_20260829/boltz_raw/boltz_results_VWF_P1413L__a1_gpiba_forced_binding.tar.gz,https://huggingface.co/datasets/lucachangretta/VWF/resolve/main/computational_panel_20260829/boltz_raw/boltz_results_VWF_P1413L__a1_gpiba_forced_binding.tar.gz@e69d65d00d71c666c7e94305977b5ab529fa1f45,e69d65d00d71c666c7e94305977b5ab529fa1f45,9845398,208987845b9f9fe6dbecd7f199b106af01bcfa8eb7d36cc214a454a0e0b3dad7,,,5.0,5.0,5.0,5.0,5.0,true,,,
boltz__VWF_P1413L__a1_heparan_sulfate_binding,boltz2,computational_panel_20260829/boltz_raw/boltz_results_VWF_P1413L__a1_heparan_sulfate_binding.tar.gz,https://huggingface.co/datasets/lucachangretta/VWF/resolve/main/computational_panel_20260829/boltz_raw/boltz_results_VWF_P1413L__a1_heparan_sulfate_binding.tar.gz@e69d65d00d71c666c7e94305977b5ab529fa1f45,e69d65d00d71c666c7e94305977b5ab529fa1f45,2008959,6eb8dcbe052853cd1fc26ba613a2389ba3b992287ddba0d2fc8e032efacf1d5a,,,5.0,5.0,5.0,5.0,5.0,true,,,
boltz__VWF_R1205H__dprime_d3_fviii_binding,boltz2,computational_panel_20260829/boltz_raw/boltz_results_VWF_R1205H__dprime_d3_fviii_binding.tar.gz,https://huggingface.co/datasets/lucachangretta/VWF/resolve/main/computational_panel_20260829/boltz_raw/boltz_results_VWF_R1205H__dprime_d3_fviii_binding.tar.gz@e69d65d00d71c666c7e94305977b5ab529fa1f45,e69d65d00d71c666c7e94305977b5ab529fa1f45,14196830,9f8bf0b9f215b4a7f01eab96780a8e5fa3dc6e9af7fd34227b7d26e079c11934,,,5.0,5.0,5.0,5.0,5.0,true,,,
boltz__VWF_R1308C__a1_aim_autoinhibition_context,boltz2,computational_panel_20260829/boltz_raw/boltz_results_VWF_R1308C__a1_aim_autoinhibition_context.tar.gz,https://huggingface.co/datasets/lucachangretta/VWF/resolve/main/computational_panel_20260829/boltz_raw/boltz_results_VWF_R1308C__a1_aim_autoinhibition_context.tar.gz@e69d65d00d71c666c7e94305977b5ab529fa1f45,e69d65d00d71c666c7e94305977b5ab529fa1f45,2563818,f4aa6eedcb58b7d7b7cfed94c1239fa6f327a227a855a1db1fff52abf811bc06,,,5.0,5.0,5.0,5.0,5.0,true,,,
boltz__VWF_R1308C__a1_gpiba_forced_binding,boltz2,computational_panel_20260829/boltz_raw/boltz_results_VWF_R1308C__a1_gpiba_forced_binding.tar.gz,https://huggingface.co/datasets/lucachangretta/VWF/resolve/main/computational_panel_20260829/boltz_raw/boltz_results_VWF_R1308C__a1_gpiba_forced_binding.tar.gz@e69d65d00d71c666c7e94305977b5ab529fa1f45,e69d65d00d71c666c7e94305977b5ab529fa1f45,9833321,2d0fba3ed76a01893a4442f7e67b15f2b9ca422ac58ef00c729b2616a94d5348,,,5.0,5.0,5.0,5.0,5.0,true,,,
boltz__VWF_R1308C__a1_heparan_sulfate_binding,boltz2,computational_panel_20260829/boltz_raw/boltz_results_VWF_R1308C__a1_heparan_sulfate_binding.tar.gz,https://huggingface.co/datasets/lucachangretta/VWF/resolve/main/computational_panel_20260829/boltz_raw/boltz_results_VWF_R1308C__a1_heparan_sulfate_binding.tar.gz@e69d65d00d71c666c7e94305977b5ab529fa1f45,e69d65d00d71c666c7e94305977b5ab529fa1f45,2004978,b098576d990045bf7440e53223deca233541cb011509c1f89a4c63b21852cf12,,,5.0,5.0,5.0,5.0,5.0,true,,,
boltz__VWF_R1341W__a1_aim_autoinhibition_context,boltz2,computational_panel_20260829/boltz_raw/boltz_results_VWF_R1341W__a1_aim_autoinhibition_context.tar.gz,https://huggingface.co/datasets/lucachangretta/VWF/resolve/main/computational_panel_20260829/boltz_raw/boltz_results_VWF_R1341W__a1_aim_autoinhibition_context.tar.gz@e69d65d00d71c666c7e94305977b5ab529fa1f45,e69d65d00d71c666c7e94305977b5ab529fa1f45,2569188,c87a155fb5487aaf4def82fd1159341e3f5ca31d345685614b2eca2521d0933d,,,5.0,5.0,5.0,5.0,5.0,true,,,
boltz__VWF_R1341W__a1_gpiba_forced_binding,boltz2,computational_panel_20260829/boltz_raw/boltz_results_VWF_R1341W__a1_gpiba_forced_binding.tar.gz,https://huggingface.co/datasets/lucachangretta/VWF/resolve/main/computational_panel_20260829/boltz_raw/boltz_results_VWF_R1341W__a1_gpiba_forced_binding.tar.gz@e69d65d00d71c666c7e94305977b5ab529fa1f45,e69d65d00d71c666c7e94305977b5ab529fa1f45,9852025,3a28ccec97dce33eb91e73c30cec11e032d208760ead3550de9f8b355e9ec982,,,5.0,5.0,5.0,5.0,5.0,true,,,
boltz__VWF_R1341W__a1_heparan_sulfate_binding,boltz2,computational_panel_20260829/boltz_raw/boltz_results_VWF_R1341W__a1_heparan_sulfate_binding.tar.gz,https://huggingface.co/datasets/lucachangretta/VWF/resolve/main/computational_panel_20260829/boltz_raw/boltz_results_VWF_R1341W__a1_heparan_sulfate_binding.tar.gz@e69d65d00d71c666c7e94305977b5ab529fa1f45,e69d65d00d71c666c7e94305977b5ab529fa1f45,2017966,2de6acd41e97a4c576d175cd2c1658dfa1387ee9a6f2618fc5662aa7a2920983,,,5.0,5.0,5.0,5.0,5.0,true,,,
boltz__VWF_R1943C__d4_assembly_context,boltz2,computational_panel_20260829/boltz_raw/boltz_results_VWF_R1943C__d4_assembly_context.tar.gz,https://huggingface.co/datasets/lucachangretta/VWF/resolve/main/computational_panel_20260829/boltz_raw/boltz_results_VWF_R1943C__d4_assembly_context.tar.gz@e69d65d00d71c666c7e94305977b5ab529fa1f45,e69d65d00d71c666c7e94305977b5ab529fa1f45,5307183,f96306d7648a97036d45601170da5c6cd7eeed77f02a09a60bebddf839339388,,,5.0,5.0,5.0,5.0,5.0,true,,,
boltz__VWF_S1310F__a1_aim_autoinhibition_context,boltz2,computational_panel_20260829/boltz_raw/boltz_results_VWF_S1310F__a1_aim_autoinhibition_context.tar.gz,https://huggingface.co/datasets/lucachangretta/VWF/resolve/main/computational_panel_20260829/boltz_raw/boltz_results_VWF_S1310F__a1_aim_autoinhibition_context.tar.gz@e69d65d00d71c666c7e94305977b5ab529fa1f45,e69d65d00d71c666c7e94305977b5ab529fa1f45,2577742,d87fd251b684416aa89f0028a10037207c42dd24f7ed350efa3a356da8c36128,,,5.0,5.0,5.0,5.0,5.0,true,,,
boltz__VWF_S1310F__a1_gpiba_forced_binding,boltz2,computational_panel_20260829/boltz_raw/boltz_results_VWF_S1310F__a1_gpiba_forced_binding.tar.gz,https://huggingface.co/datasets/lucachangretta/VWF/resolve/main/computational_panel_20260829/boltz_raw/boltz_results_VWF_S1310F__a1_gpiba_forced_binding.tar.gz@e69d65d00d71c666c7e94305977b5ab529fa1f45,e69d65d00d71c666c7e94305977b5ab529fa1f45,9860669,0525a0163f07f125b586fb1b29f19d485f26528b34e01bdcdf7fb1f7d2dd57d2,,,5.0,5.0,5.0,5.0,5.0,true,,,
boltz__VWF_S1310F__a1_heparan_sulfate_binding,boltz2,computational_panel_20260829/boltz_raw/boltz_results_VWF_S1310F__a1_heparan_sulfate_binding.tar.gz,https://huggingface.co/datasets/lucachangretta/VWF/resolve/main/computational_panel_20260829/boltz_raw/boltz_results_VWF_S1310F__a1_heparan_sulfate_binding.tar.gz@e69d65d00d71c666c7e94305977b5ab529fa1f45,e69d65d00d71c666c7e94305977b5ab529fa1f45,2016389,916de93cab6ba0f1086e852996122e4fd51d814479b2b20c4639bc220f2a931b,,,5.0,5.0,5.0,5.0,5.0,true,,,
boltz__VWF_V1316M__a1_aim_autoinhibition_context,boltz2,computational_panel_20260829/boltz_raw/boltz_results_VWF_V1316M__a1_aim_autoinhibition_context.tar.gz,https://huggingface.co/datasets/lucachangretta/VWF/resolve/main/computational_panel_20260829/boltz_raw/boltz_results_VWF_V1316M__a1_aim_autoinhibition_context.tar.gz@e69d65d00d71c666c7e94305977b5ab529fa1f45,e69d65d00d71c666c7e94305977b5ab529fa1f45,2576703,cb45e581f3299c5f0ccee758762c8eb3b171223ae62446e57d419f19e3c9f56a,,,5.0,5.0,5.0,5.0,5.0,true,,,
boltz__VWF_V1316M__a1_gpiba_forced_binding,boltz2,computational_panel_20260829/boltz_raw/boltz_results_VWF_V1316M__a1_gpiba_forced_binding.tar.gz,https://huggingface.co/datasets/lucachangretta/VWF/resolve/main/computational_panel_20260829/boltz_raw/boltz_results_VWF_V1316M__a1_gpiba_forced_binding.tar.gz@e69d65d00d71c666c7e94305977b5ab529fa1f45,e69d65d00d71c666c7e94305977b5ab529fa1f45,9848332,70f62fe49ab86725bb5dbcf5d8fd523cc18e4cf52e0512b81834d5428d6dc156,,,5.0,5.0,5.0,5.0,5.0,true,,,
boltz__VWF_V1316M__a1_heparan_sulfate_binding,boltz2,computational_panel_20260829/boltz_raw/boltz_results_VWF_V1316M__a1_heparan_sulfate_binding.tar.gz,https://huggingface.co/datasets/lucachangretta/VWF/resolve/main/computational_panel_20260829/boltz_raw/boltz_results_VWF_V1316M__a1_heparan_sulfate_binding.tar.gz@e69d65d00d71c666c7e94305977b5ab529fa1f45,e69d65d00d71c666c7e94305977b5ab529fa1f45,2002896,669873da5cc768c7af6009d11848eeebaa0cf094ebe6522e4892475d67529b40,,,5.0,5.0,5.0,5.0,5.0,true,,,
boltz__VWF_WT__a1_aim_autoinhibition_context,boltz2,computational_panel_20260829/boltz_raw/boltz_results_VWF_WT__a1_aim_autoinhibition_context.tar.gz,https://huggingface.co/datasets/lucachangretta/VWF/resolve/main/computational_panel_20260829/boltz_raw/boltz_results_VWF_WT__a1_aim_autoinhibition_context.tar.gz@e69d65d00d71c666c7e94305977b5ab529fa1f45,e69d65d00d71c666c7e94305977b5ab529fa1f45,2581966,92cb368cda7e4c8c791e2d5719e721ccdd5f2a015b278a2a1992cde1f7d43049,,,5.0,5.0,5.0,5.0,5.0,true,,,
boltz__VWF_WT__a1_gpiba_forced_binding,boltz2,computational_panel_20260829/boltz_raw/boltz_results_VWF_WT__a1_gpiba_forced_binding.tar.gz,https://huggingface.co/datasets/lucachangretta/VWF/resolve/main/computational_panel_20260829/boltz_raw/boltz_results_VWF_WT__a1_gpiba_forced_binding.tar.gz@e69d65d00d71c666c7e94305977b5ab529fa1f45,e69d65d00d71c666c7e94305977b5ab529fa1f45,9883505,fd1f21685063e549e4d8e80efd7933dc85ad4f52e2440199d65b0abbd8c0b1af,,,5.0,5.0,5.0,5.0,5.0,true,,,
boltz__VWF_WT__a1_heparan_sulfate_binding,boltz2,computational_panel_20260829/boltz_raw/boltz_results_VWF_WT__a1_heparan_sulfate_binding.tar.gz,https://huggingface.co/datasets/lucachangretta/VWF/resolve/main/computational_panel_20260829/boltz_raw/boltz_results_VWF_WT__a1_heparan_sulfate_binding.tar.gz@e69d65d00d71c666c7e94305977b5ab529fa1f45,e69d65d00d71c666c7e94305977b5ab529fa1f45,2010901,c1c3612b2a5bd13ed9990ed718b6b370e01c763d635fb5c41f92f920bbd4e032,,,5.0,5.0,5.0,5.0,5.0,true,,,
boltz__VWF_WT__a2_adamts13_folded_complex,boltz2,computational_panel_20260829/boltz_raw/boltz_results_VWF_WT__a2_adamts13_folded_complex.tar.gz,https://huggingface.co/datasets/lucachangretta/VWF/resolve/main/computational_panel_20260829/boltz_raw/boltz_results_VWF_WT__a2_adamts13_folded_complex.tar.gz@e69d65d00d71c666c7e94305977b5ab529fa1f45,e69d65d00d71c666c7e94305977b5ab529fa1f45,4067493,11740e03e453337f753b471d3e8a27b979a80fa3cc0d3a24d5749485d13098b1,,,5.0,5.0,5.0,5.0,5.0,true,,,
boltz__VWF_WT__a2_folded_stability,boltz2,computational_panel_20260829/boltz_raw/boltz_results_VWF_WT__a2_folded_stability.tar.gz,https://huggingface.co/datasets/lucachangretta/VWF/resolve/main/computational_panel_20260829/boltz_raw/boltz_results_VWF_WT__a2_folded_stability.tar.gz@e69d65d00d71c666c7e94305977b5ab529fa1f45,e69d65d00d71c666c7e94305977b5ab529fa1f45,1408365,8bdf840fbf419f7d8921fcd2d62fa9173d10c073a86378c68d7641ca1ba38f74,,,5.0,5.0,5.0,5.0,5.0,true,,,
boltz__VWF_WT__c_domain_assembly_context,boltz2,computational_panel_20260829/boltz_raw/boltz_results_VWF_WT__c_domain_assembly_context.tar.gz,https://huggingface.co/datasets/lucachangretta/VWF/resolve/main/computational_panel_20260829/boltz_raw/boltz_results_VWF_WT__c_domain_assembly_context.tar.gz@e69d65d00d71c666c7e94305977b5ab529fa1f45,e69d65d00d71c666c7e94305977b5ab529fa1f45,8057336,73a6aaa1592f2afde367a3eab6a45ab00e418c374fd77b3918569070ecdebc44,,,5.0,5.0,5.0,5.0,5.0,true,,,
boltz__VWF_WT__d4_assembly_context,boltz2,computational_panel_20260829/boltz_raw/boltz_results_VWF_WT__d4_assembly_context.tar.gz,https://huggingface.co/datasets/lucachangretta/VWF/resolve/main/computational_panel_20260829/boltz_raw/boltz_results_VWF_WT__d4_assembly_context.tar.gz@e69d65d00d71c666c7e94305977b5ab529fa1f45,e69d65d00d71c666c7e94305977b5ab529fa1f45,5306981,d78e2155ea1bffe8e043baa3d2b2c14982f1ff7c54ba013473a08ee4a7012ea3,,,5.0,5.0,5.0,5.0,5.0,true,,,
boltz__VWF_WT__dprime_d3_fviii_binding,boltz2,computational_panel_20260829/boltz_raw/boltz_results_VWF_WT__dprime_d3_fviii_binding.tar.gz,https://huggingface.co/datasets/lucachangretta/VWF/resolve/main/computational_panel_20260829/boltz_raw/boltz_results_VWF_WT__dprime_d3_fviii_binding.tar.gz@e69d65d00d71c666c7e94305977b5ab529fa1f45,e69d65d00d71c666c7e94305977b5ab529fa1f45,14221509,a5a4ab296d6ed81eba8f80a6473857ca2b8e67c21605e47b07a4787103a3a897,,,5.0,5.0,5.0,5.0,5.0,true,,,
md_p0__a1_gpiba__A1461D,gromacs_md,md_p0_experimental_archives/a1_gpiba_A1461D.tar.gz,https://huggingface.co/datasets/lucachangretta/VWF/resolve/main/md_p0_experimental_archives/a1_gpiba_A1461D.tar.gz@e69d65d00d71c666c7e94305977b5ab529fa1f45,e69d65d00d71c666c7e94305977b5ab529fa1f45,93017738,f705d1ab27aeeb0d3c0829d0825f6299d6c92acab23469086e534897261ea4ad,,,,,,,,,md_20ns_p0,true,true
md_p0__a1_gpiba__R1308C,gromacs_md,md_p0_experimental_archives/a1_gpiba_R1308C.tar.gz,https://huggingface.co/datasets/lucachangretta/VWF/resolve/main/md_p0_experimental_archives/a1_gpiba_R1308C.tar.gz@e69d65d00d71c666c7e94305977b5ab529fa1f45,e69d65d00d71c666c7e94305977b5ab529fa1f45,90918822,d1b583c8038a1abfff6dea6fd654a91610a9936ac5645101af58990f0f41e985,,,,,,,,,md_20ns_p0,true,true
md_p0__a1_gpiba__R1341W,gromacs_md,md_p0_experimental_archives/a1_gpiba_R1341W.tar.gz,https://huggingface.co/datasets/lucachangretta/VWF/resolve/main/md_p0_experimental_archives/a1_gpiba_R1341W.tar.gz@e69d65d00d71c666c7e94305977b5ab529fa1f45,e69d65d00d71c666c7e94305977b5ab529fa1f45,93018256,adba2b67d887f21a88ba2199cd0dd51b3ac382268d3a402c6c22b52cef604343,,,,,,,,,md_20ns_p0,true,true
md_p0__a1_gpiba__S1310F,gromacs_md,md_p0_experimental_archives/a1_gpiba_S1310F.tar.gz,https://huggingface.co/datasets/lucachangretta/VWF/resolve/main/md_p0_experimental_archives/a1_gpiba_S1310F.tar.gz@e69d65d00d71c666c7e94305977b5ab529fa1f45,e69d65d00d71c666c7e94305977b5ab529fa1f45,90863055,41984fd09505a00590fa851a74b471029c3a877f093833d649d1ac366a62433a,,,,,,,,,md_20ns_p0,true,true
md_p0__a1_gpiba__WT,gromacs_md,md_p0_experimental_archives/a1_gpiba_WT.tar.gz,https://huggingface.co/datasets/lucachangretta/VWF/resolve/main/md_p0_experimental_archives/a1_gpiba_WT.tar.gz@e69d65d00d71c666c7e94305977b5ab529fa1f45,e69d65d00d71c666c7e94305977b5ab529fa1f45,93032671,94dfe9e7765bf1f468774a499e2fb3cf96c4c0d1921f868d94b564012be37086,,,,,,,,,md_20ns_p0,true,true
md_p0__a2_folded__A1500V,gromacs_md,md_p0_experimental_archives/a2_folded_A1500V.tar.gz,https://huggingface.co/datasets/lucachangretta/VWF/resolve/main/md_p0_experimental_archives/a2_folded_A1500V.tar.gz@e69d65d00d71c666c7e94305977b5ab529fa1f45,e69d65d00d71c666c7e94305977b5ab529fa1f45,93639632,b04331a80a435ea662992ec776ca8bf333293ff7447cfd42f53fb149d2becbac,,,,,,,,,md_20ns_p0,true,true
md_p0__a2_folded__WT,gromacs_md,md_p0_experimental_archives/a2_folded_WT.tar.gz,https://huggingface.co/datasets/lucachangretta/VWF/resolve/main/md_p0_experimental_archives/a2_folded_WT.tar.gz@e69d65d00d71c666c7e94305977b5ab529fa1f45,e69d65d00d71c666c7e94305977b5ab529fa1f45,95871865,a7c68d0f64a36ac28b7f81115b74ee4996eeef675f5331da8f29dddacf30d9af,,,,,,,,,md_20ns_p0,true,true
md_p0__dprime_d3__R1205H,gromacs_md,md_p0_experimental_archives/dprime_d3_R1205H.tar.gz,https://huggingface.co/datasets/lucachangretta/VWF/resolve/main/md_p0_experimental_archives/dprime_d3_R1205H.tar.gz@e69d65d00d71c666c7e94305977b5ab529fa1f45,e69d65d00d71c666c7e94305977b5ab529fa1f45,357135983,f8dddc019cf9bfe5701872d954bd13827dd72423fdc0a309d758a6c36037ba27,,,,,,,,,md_20ns_p0_retry_safe,true,true
md_p0__dprime_d3__WT,gromacs_md,md_p0_experimental_archives/dprime_d3_WT.tar.gz,https://huggingface.co/datasets/lucachangretta/VWF/resolve/main/md_p0_experimental_archives/dprime_d3_WT.tar.gz@e69d65d00d71c666c7e94305977b5ab529fa1f45,e69d65d00d71c666c7e94305977b5ab529fa1f45,328120081,3ad8075f6510e79024a4a4b74719af368885a6e9605c5da45082526e4bd4d286,,,,,,,,,md_20ns_p0,true,true
md_7a6o__A1461D,gromacs_md,computational_panel_20260829/md/trajectories/A1461D_prod_concat.xtc,https://huggingface.co/datasets/lucachangretta/VWF/resolve/main/computational_panel_20260829/md/trajectories/A1461D_prod_concat.xtc@e69d65d00d71c666c7e94305977b5ab529fa1f45,e69d65d00d71c666c7e94305977b5ab529fa1f45,64568480,0148074b5a98694b3e275b155a090f2e57a39b60726e2f1a3fa1f54dca18a074,,,,,,,,,,,
md_7a6o__P1413L,gromacs_md,computational_panel_20260829/md/trajectories/P1413L_prod_concat.xtc,https://huggingface.co/datasets/lucachangretta/VWF/resolve/main/computational_panel_20260829/md/trajectories/P1413L_prod_concat.xtc@e69d65d00d71c666c7e94305977b5ab529fa1f45,e69d65d00d71c666c7e94305977b5ab529fa1f45,64598120,7b57325fe260df760d63d4cd4c95c7b39255b891a3dce0ed1a8abdb31270b251,,,,,,,,,,,
md_7a6o__PANEL_WT_MATCHED,gromacs_md,computational_panel_20260829/md/trajectories/PANEL_WT_MATCHED_prod_concat.xtc,https://huggingface.co/datasets/lucachangretta/VWF/resolve/main/computational_panel_20260829/md/trajectories/PANEL_WT_MATCHED_prod_concat.xtc@e69d65d00d71c666c7e94305977b5ab529fa1f45,e69d65d00d71c666c7e94305977b5ab529fa1f45,64579628,04d7f4a5c3256b77b23895863ee97019d5d939099cd72cfbb2194b1fffc33ccb,,,,,,,,,,,
md_7a6o__R1308C,gromacs_md,computational_panel_20260829/md/trajectories/R1308C_prod_concat.xtc,https://huggingface.co/datasets/lucachangretta/VWF/resolve/main/computational_panel_20260829/md/trajectories/R1308C_prod_concat.xtc@e69d65d00d71c666c7e94305977b5ab529fa1f45,e69d65d00d71c666c7e94305977b5ab529fa1f45,64582412,84619c3c212c2aee0a761b2df6f39723cc6ae92f54d8bdb9740cba8b2a1ccb8a,,,,,,,,,,,
md_7a6o__R1341W,gromacs_md,computational_panel_20260829/md/trajectories/R1341W_prod_concat.xtc,https://huggingface.co/datasets/lucachangretta/VWF/resolve/main/computational_panel_20260829/md/trajectories/R1341W_prod_concat.xtc@e69d65d00d71c666c7e94305977b5ab529fa1f45,e69d65d00d71c666c7e94305977b5ab529fa1f45,64572504,bf8a650c7cce18adaae3f49528d8f86556d6ea38977ec2d41efe9fe24ff25844,,,,,,,,,,,
md_7a6o__S1310F,gromacs_md,computational_panel_20260829/md/trajectories/S1310F_prod_concat.xtc,https://huggingface.co/datasets/lucachangretta/VWF/resolve/main/computational_panel_20260829/md/trajectories/S1310F_prod_concat.xtc@e69d65d00d71c666c7e94305977b5ab529fa1f45,e69d65d00d71c666c7e94305977b5ab529fa1f45,64590632,1dd2588610afdc2370a512b4cda3a1d6c2206058515ec58f9479e5a6dcfd9080,,,,,,,,,,,
md_7a6o__V1316M,gromacs_md,computational_panel_20260829/md/trajectories/V1316M_prod_concat.xtc,https://huggingface.co/datasets/lucachangretta/VWF/resolve/main/computational_panel_20260829/md/trajectories/V1316M_prod_concat.xtc@e69d65d00d71c666c7e94305977b5ab529fa1f45,e69d65d00d71c666c7e94305977b5ab529fa1f45,64583836,78487f69101daab528c3bd8b0e02677a80e03a018439b7d52f14fc74b145e1a8,,,,,,,,,,,
