patient_id,bundle,n_variant_rows,case_ids,variant_ids,ag_terminal_state
CASE_T1_001,T1,1,CASE_T1_001,VWF_A1500V,available_complete_9of11_persisted
CASE_T1_002,T1,1,CASE_T1_002,VWF_C1950Y,available_complete_9of11_persisted
CASE_T1_003,T1,1,CASE_T1_003,VWF_G2488syn,available_complete_9of11_persisted
CASE_T1_004,T1,1,CASE_T1_004,VWF_T1_004_CNV,blocked_missing_variant_definition
CASE_T1_005,T1,1,CASE_T1_005,VWF_Y988*,available_complete_9of11_persisted
CASE_T1_006,T1,1,CASE_T1_006,VWF_L2407fs,available_complete_9of11_persisted
CASE_T1_007,T1,1,CASE_T1_007,VWF_c3379splicesite,available_complete_9of11_persisted
CASE_T1_008,T1,1,CASE_T1_008,VWF_P1413L,available_complete_9of11_persisted
CASE_T1_009,T1,1,CASE_T1_009,VWF_R1205H,available_complete_9of11_persisted
CASE_T1_010,T1,1,CASE_T1_010,VWF_R1943C,available_complete_9of11_persisted
CASE_T2B_001,T2B,1,CASE_T2B_001,VWF_V1316M,available_complete_9of11_persisted
CASE_T2B_002,T2B,1,CASE_T2B_002,VWF_V1316M,available_complete_9of11_persisted
CASE_T2B_003,T2B,1,CASE_T2B_003,VWF_S1310F,available_complete_9of11_persisted
CASE_T2B_004,T2B,1,CASE_T2B_004,VWF_R1308C,available_complete_9of11_persisted
CASE_T2B_005,T2B,2,CASE_T2B_005_VARIANT_1|CASE_T2B_005_VARIANT_2_BENIGN,VWF_A1461D|VWF_D2449N,available_complete_9of11_persisted
CASE_T2B_006,T2B,1,CASE_T2B_006,VWF_R1341W,available_complete_9of11_persisted
