case_id,variant_id,model,protocol_id,construct_or_output,status,reason
CASE_T1_001,VWF_A1500V,alphagenome,ag_predict_variant_v0.8.0__ATAC,ATAC,not_supported_by_model,no_vwf_relevant_biosample_track
CASE_T1_001,VWF_A1500V,alphagenome,ag_predict_variant_v0.8.0__CONTACT_MAPS,CONTACT_MAPS,not_supported_by_model,no_vwf_relevant_biosample_track
CASE_T1_001,VWF_A1500V,gromacs_md,md_7a6o_aim_a1_50ns_charmm27,AIM_A1_7A6O,not_run_out_of_scope,variant_not_in_7a6o_panel
CASE_T1_001,VWF_A1500V,gromacs_md,md_20ns_p0__a1_gpiba_1SQ0,a1_gpiba_1SQ0,not_run_out_of_scope,variant_not_in_p0_protocol_cohort
CASE_T1_001,VWF_A1500V,gromacs_md,md_20ns_p0__dprime_d3_6N29,dprime_d3_6N29,not_run_out_of_scope,variant_not_in_p0_protocol_cohort
CASE_T1_001,VWF_A1500V,gromacs_smd,smd_slow025_aim_a1,AIM_A1_7A6O_smd,not_run_out_of_scope,complete_no_go_direction_reversed_excluded_from_classifier
CASE_T1_002,VWF_C1950Y,alphagenome,ag_predict_variant_v0.8.0__ATAC,ATAC,not_supported_by_model,no_vwf_relevant_biosample_track
CASE_T1_002,VWF_C1950Y,alphagenome,ag_predict_variant_v0.8.0__CONTACT_MAPS,CONTACT_MAPS,not_supported_by_model,no_vwf_relevant_biosample_track
CASE_T1_002,VWF_C1950Y,gromacs_md,md_7a6o_aim_a1_50ns_charmm27,AIM_A1_7A6O,not_run_out_of_scope,variant_not_in_7a6o_panel
CASE_T1_002,VWF_C1950Y,gromacs_md,md_20ns_p0__a1_gpiba_1SQ0,a1_gpiba_1SQ0,not_run_out_of_scope,variant_not_in_p0_protocol_cohort
CASE_T1_002,VWF_C1950Y,gromacs_md,md_20ns_p0__a2_folded_3GXB,a2_folded_3GXB,not_run_out_of_scope,variant_not_in_p0_protocol_cohort
CASE_T1_002,VWF_C1950Y,gromacs_md,md_20ns_p0__dprime_d3_6N29,dprime_d3_6N29,not_run_out_of_scope,variant_not_in_p0_protocol_cohort
CASE_T1_002,VWF_C1950Y,gromacs_smd,smd_slow025_aim_a1,AIM_A1_7A6O_smd,not_run_out_of_scope,complete_no_go_direction_reversed_excluded_from_classifier
CASE_T1_003,VWF_G2488syn,alphagenome,ag_predict_variant_v0.8.0__ATAC,ATAC,not_supported_by_model,no_vwf_relevant_biosample_track
CASE_T1_003,VWF_G2488syn,alphagenome,ag_predict_variant_v0.8.0__CONTACT_MAPS,CONTACT_MAPS,not_supported_by_model,no_vwf_relevant_biosample_track
CASE_T1_003,VWF_G2488syn,boltz2,boltz2_vwd_functional_panel,ALL,not_applicable,non_missense_variant_同义
CASE_T1_003,VWF_G2488syn,gromacs_md,md_7a6o_aim_a1_50ns_charmm27,AIM_A1_7A6O,not_run_out_of_scope,variant_not_in_7a6o_panel
CASE_T1_003,VWF_G2488syn,gromacs_md,md_20ns_p0__a1_gpiba_1SQ0,a1_gpiba_1SQ0,not_run_out_of_scope,variant_not_in_p0_protocol_cohort
CASE_T1_003,VWF_G2488syn,gromacs_md,md_20ns_p0__a2_folded_3GXB,a2_folded_3GXB,not_run_out_of_scope,variant_not_in_p0_protocol_cohort
CASE_T1_003,VWF_G2488syn,gromacs_md,md_20ns_p0__dprime_d3_6N29,dprime_d3_6N29,not_run_out_of_scope,variant_not_in_p0_protocol_cohort
CASE_T1_003,VWF_G2488syn,gromacs_smd,smd_slow025_aim_a1,AIM_A1_7A6O_smd,not_run_out_of_scope,complete_no_go_direction_reversed_excluded_from_classifier
CASE_T1_004,VWF_T1_004_CNV,alphagenome,ag_predict_variant_v0.8.0__all_outputs,ALL,blocked_missing_input,normalization_not_available_cnv
CASE_T1_004,VWF_T1_004_CNV,boltz2,boltz2_vwd_functional_panel,ALL,blocked_missing_input,no_normalizable_variant_definition_cnv
CASE_T1_004,VWF_T1_004_CNV,gromacs_md,md_7a6o_aim_a1_50ns_charmm27,AIM_A1_7A6O,not_run_out_of_scope,variant_not_in_7a6o_panel
CASE_T1_004,VWF_T1_004_CNV,gromacs_md,md_20ns_p0__a1_gpiba_1SQ0,a1_gpiba_1SQ0,not_run_out_of_scope,variant_not_in_p0_protocol_cohort
CASE_T1_004,VWF_T1_004_CNV,gromacs_md,md_20ns_p0__a2_folded_3GXB,a2_folded_3GXB,not_run_out_of_scope,variant_not_in_p0_protocol_cohort
CASE_T1_004,VWF_T1_004_CNV,gromacs_md,md_20ns_p0__dprime_d3_6N29,dprime_d3_6N29,not_run_out_of_scope,variant_not_in_p0_protocol_cohort
CASE_T1_004,VWF_T1_004_CNV,gromacs_smd,smd_slow025_aim_a1,AIM_A1_7A6O_smd,not_run_out_of_scope,complete_no_go_direction_reversed_excluded_from_classifier
CASE_T1_005,VWF_Y988*,alphagenome,ag_predict_variant_v0.8.0__ATAC,ATAC,not_supported_by_model,no_vwf_relevant_biosample_track
CASE_T1_005,VWF_Y988*,alphagenome,ag_predict_variant_v0.8.0__CONTACT_MAPS,CONTACT_MAPS,not_supported_by_model,no_vwf_relevant_biosample_track
CASE_T1_005,VWF_Y988*,boltz2,boltz2_vwd_functional_panel,ALL,not_applicable,non_missense_variant_无义
CASE_T1_005,VWF_Y988*,gromacs_md,md_7a6o_aim_a1_50ns_charmm27,AIM_A1_7A6O,not_run_out_of_scope,variant_not_in_7a6o_panel
CASE_T1_005,VWF_Y988*,gromacs_md,md_20ns_p0__a1_gpiba_1SQ0,a1_gpiba_1SQ0,not_run_out_of_scope,variant_not_in_p0_protocol_cohort
CASE_T1_005,VWF_Y988*,gromacs_md,md_20ns_p0__a2_folded_3GXB,a2_folded_3GXB,not_run_out_of_scope,variant_not_in_p0_protocol_cohort
CASE_T1_005,VWF_Y988*,gromacs_md,md_20ns_p0__dprime_d3_6N29,dprime_d3_6N29,not_run_out_of_scope,variant_not_in_p0_protocol_cohort
CASE_T1_005,VWF_Y988*,gromacs_smd,smd_slow025_aim_a1,AIM_A1_7A6O_smd,not_run_out_of_scope,complete_no_go_direction_reversed_excluded_from_classifier
CASE_T1_006,VWF_L2407fs,alphagenome,ag_predict_variant_v0.8.0__ATAC,ATAC,not_supported_by_model,no_vwf_relevant_biosample_track
CASE_T1_006,VWF_L2407fs,alphagenome,ag_predict_variant_v0.8.0__CONTACT_MAPS,CONTACT_MAPS,not_supported_by_model,no_vwf_relevant_biosample_track
CASE_T1_006,VWF_L2407fs,boltz2,boltz2_vwd_functional_panel,ALL,not_applicable,non_missense_variant_移码
CASE_T1_006,VWF_L2407fs,gromacs_md,md_7a6o_aim_a1_50ns_charmm27,AIM_A1_7A6O,not_run_out_of_scope,variant_not_in_7a6o_panel
CASE_T1_006,VWF_L2407fs,gromacs_md,md_20ns_p0__a1_gpiba_1SQ0,a1_gpiba_1SQ0,not_run_out_of_scope,variant_not_in_p0_protocol_cohort
CASE_T1_006,VWF_L2407fs,gromacs_md,md_20ns_p0__a2_folded_3GXB,a2_folded_3GXB,not_run_out_of_scope,variant_not_in_p0_protocol_cohort
CASE_T1_006,VWF_L2407fs,gromacs_md,md_20ns_p0__dprime_d3_6N29,dprime_d3_6N29,not_run_out_of_scope,variant_not_in_p0_protocol_cohort
CASE_T1_006,VWF_L2407fs,gromacs_smd,smd_slow025_aim_a1,AIM_A1_7A6O_smd,not_run_out_of_scope,complete_no_go_direction_reversed_excluded_from_classifier
CASE_T1_007,VWF_c3379splicesite,alphagenome,ag_predict_variant_v0.8.0__ATAC,ATAC,not_supported_by_model,no_vwf_relevant_biosample_track
CASE_T1_007,VWF_c3379splicesite,alphagenome,ag_predict_variant_v0.8.0__CONTACT_MAPS,CONTACT_MAPS,not_supported_by_model,no_vwf_relevant_biosample_track
CASE_T1_007,VWF_c3379splicesite,boltz2,boltz2_vwd_functional_panel,ALL,not_applicable,non_missense_variant_剪切
CASE_T1_007,VWF_c3379splicesite,gromacs_md,md_7a6o_aim_a1_50ns_charmm27,AIM_A1_7A6O,not_run_out_of_scope,variant_not_in_7a6o_panel
CASE_T1_007,VWF_c3379splicesite,gromacs_md,md_20ns_p0__a1_gpiba_1SQ0,a1_gpiba_1SQ0,not_run_out_of_scope,variant_not_in_p0_protocol_cohort
CASE_T1_007,VWF_c3379splicesite,gromacs_md,md_20ns_p0__a2_folded_3GXB,a2_folded_3GXB,not_run_out_of_scope,variant_not_in_p0_protocol_cohort
CASE_T1_007,VWF_c3379splicesite,gromacs_md,md_20ns_p0__dprime_d3_6N29,dprime_d3_6N29,not_run_out_of_scope,variant_not_in_p0_protocol_cohort
CASE_T1_007,VWF_c3379splicesite,gromacs_smd,smd_slow025_aim_a1,AIM_A1_7A6O_smd,not_run_out_of_scope,complete_no_go_direction_reversed_excluded_from_classifier
CASE_T1_008,VWF_P1413L,alphagenome,ag_predict_variant_v0.8.0__ATAC,ATAC,not_supported_by_model,no_vwf_relevant_biosample_track
CASE_T1_008,VWF_P1413L,alphagenome,ag_predict_variant_v0.8.0__CONTACT_MAPS,CONTACT_MAPS,not_supported_by_model,no_vwf_relevant_biosample_track
CASE_T1_008,VWF_P1413L,gromacs_md,md_20ns_p0__a2_folded_3GXB,a2_folded_3GXB,not_run_out_of_scope,variant_not_in_p0_protocol_cohort
CASE_T1_008,VWF_P1413L,gromacs_md,md_20ns_p0__dprime_d3_6N29,dprime_d3_6N29,not_run_out_of_scope,variant_not_in_p0_protocol_cohort
CASE_T1_008,VWF_P1413L,gromacs_smd,smd_slow025_aim_a1,AIM_A1_7A6O_smd,not_run_out_of_scope,complete_no_go_direction_reversed_excluded_from_classifier
CASE_T1_009,VWF_R1205H,alphagenome,ag_predict_variant_v0.8.0__ATAC,ATAC,not_supported_by_model,no_vwf_relevant_biosample_track
CASE_T1_009,VWF_R1205H,alphagenome,ag_predict_variant_v0.8.0__CONTACT_MAPS,CONTACT_MAPS,not_supported_by_model,no_vwf_relevant_biosample_track
CASE_T1_009,VWF_R1205H,gromacs_md,md_7a6o_aim_a1_50ns_charmm27,AIM_A1_7A6O,not_run_out_of_scope,variant_not_in_7a6o_panel
CASE_T1_009,VWF_R1205H,gromacs_md,md_20ns_p0__a1_gpiba_1SQ0,a1_gpiba_1SQ0,not_run_out_of_scope,variant_not_in_p0_protocol_cohort
CASE_T1_009,VWF_R1205H,gromacs_md,md_20ns_p0__a2_folded_3GXB,a2_folded_3GXB,not_run_out_of_scope,variant_not_in_p0_protocol_cohort
CASE_T1_009,VWF_R1205H,gromacs_smd,smd_slow025_aim_a1,AIM_A1_7A6O_smd,not_run_out_of_scope,complete_no_go_direction_reversed_excluded_from_classifier
CASE_T1_010,VWF_R1943C,alphagenome,ag_predict_variant_v0.8.0__ATAC,ATAC,not_supported_by_model,no_vwf_relevant_biosample_track
CASE_T1_010,VWF_R1943C,alphagenome,ag_predict_variant_v0.8.0__CONTACT_MAPS,CONTACT_MAPS,not_supported_by_model,no_vwf_relevant_biosample_track
CASE_T1_010,VWF_R1943C,gromacs_md,md_7a6o_aim_a1_50ns_charmm27,AIM_A1_7A6O,not_run_out_of_scope,variant_not_in_7a6o_panel
CASE_T1_010,VWF_R1943C,gromacs_md,md_20ns_p0__a1_gpiba_1SQ0,a1_gpiba_1SQ0,not_run_out_of_scope,variant_not_in_p0_protocol_cohort
CASE_T1_010,VWF_R1943C,gromacs_md,md_20ns_p0__a2_folded_3GXB,a2_folded_3GXB,not_run_out_of_scope,variant_not_in_p0_protocol_cohort
CASE_T1_010,VWF_R1943C,gromacs_md,md_20ns_p0__dprime_d3_6N29,dprime_d3_6N29,not_run_out_of_scope,variant_not_in_p0_protocol_cohort
CASE_T1_010,VWF_R1943C,gromacs_smd,smd_slow025_aim_a1,AIM_A1_7A6O_smd,not_run_out_of_scope,complete_no_go_direction_reversed_excluded_from_classifier
CASE_T2B_001,VWF_V1316M,alphagenome,ag_predict_variant_v0.8.0__ATAC,ATAC,not_supported_by_model,no_vwf_relevant_biosample_track
CASE_T2B_001,VWF_V1316M,alphagenome,ag_predict_variant_v0.8.0__CONTACT_MAPS,CONTACT_MAPS,not_supported_by_model,no_vwf_relevant_biosample_track
CASE_T2B_001,VWF_V1316M,gromacs_md,md_20ns_p0__a2_folded_3GXB,a2_folded_3GXB,not_run_out_of_scope,variant_not_in_p0_protocol_cohort
CASE_T2B_001,VWF_V1316M,gromacs_md,md_20ns_p0__dprime_d3_6N29,dprime_d3_6N29,not_run_out_of_scope,variant_not_in_p0_protocol_cohort
CASE_T2B_001,VWF_V1316M,gromacs_smd,smd_slow025_aim_a1,AIM_A1_7A6O_smd,not_run_out_of_scope,complete_no_go_direction_reversed_excluded_from_classifier
CASE_T2B_002,VWF_V1316M,alphagenome,ag_predict_variant_v0.8.0__ATAC,ATAC,not_supported_by_model,no_vwf_relevant_biosample_track
CASE_T2B_002,VWF_V1316M,alphagenome,ag_predict_variant_v0.8.0__CONTACT_MAPS,CONTACT_MAPS,not_supported_by_model,no_vwf_relevant_biosample_track
CASE_T2B_002,VWF_V1316M,gromacs_md,md_20ns_p0__a2_folded_3GXB,a2_folded_3GXB,not_run_out_of_scope,variant_not_in_p0_protocol_cohort
CASE_T2B_002,VWF_V1316M,gromacs_md,md_20ns_p0__dprime_d3_6N29,dprime_d3_6N29,not_run_out_of_scope,variant_not_in_p0_protocol_cohort
CASE_T2B_002,VWF_V1316M,gromacs_smd,smd_slow025_aim_a1,AIM_A1_7A6O_smd,not_run_out_of_scope,complete_no_go_direction_reversed_excluded_from_classifier
CASE_T2B_003,VWF_S1310F,alphagenome,ag_predict_variant_v0.8.0__ATAC,ATAC,not_supported_by_model,no_vwf_relevant_biosample_track
CASE_T2B_003,VWF_S1310F,alphagenome,ag_predict_variant_v0.8.0__CONTACT_MAPS,CONTACT_MAPS,not_supported_by_model,no_vwf_relevant_biosample_track
CASE_T2B_003,VWF_S1310F,gromacs_md,md_20ns_p0__a2_folded_3GXB,a2_folded_3GXB,not_run_out_of_scope,variant_not_in_p0_protocol_cohort
CASE_T2B_003,VWF_S1310F,gromacs_md,md_20ns_p0__dprime_d3_6N29,dprime_d3_6N29,not_run_out_of_scope,variant_not_in_p0_protocol_cohort
CASE_T2B_003,VWF_S1310F,gromacs_smd,smd_slow025_aim_a1,AIM_A1_7A6O_smd,not_run_out_of_scope,complete_no_go_direction_reversed_excluded_from_classifier
CASE_T2B_004,VWF_R1308C,alphagenome,ag_predict_variant_v0.8.0__ATAC,ATAC,not_supported_by_model,no_vwf_relevant_biosample_track
CASE_T2B_004,VWF_R1308C,alphagenome,ag_predict_variant_v0.8.0__CONTACT_MAPS,CONTACT_MAPS,not_supported_by_model,no_vwf_relevant_biosample_track
CASE_T2B_004,VWF_R1308C,gromacs_md,md_20ns_p0__a2_folded_3GXB,a2_folded_3GXB,not_run_out_of_scope,variant_not_in_p0_protocol_cohort
CASE_T2B_004,VWF_R1308C,gromacs_md,md_20ns_p0__dprime_d3_6N29,dprime_d3_6N29,not_run_out_of_scope,variant_not_in_p0_protocol_cohort
CASE_T2B_004,VWF_R1308C,gromacs_smd,smd_slow025_aim_a1,AIM_A1_7A6O_smd,not_run_out_of_scope,complete_no_go_direction_reversed_excluded_from_classifier
CASE_T2B_005_VARIANT_1,VWF_A1461D,alphagenome,ag_predict_variant_v0.8.0__ATAC,ATAC,not_supported_by_model,no_vwf_relevant_biosample_track
CASE_T2B_005_VARIANT_1,VWF_A1461D,alphagenome,ag_predict_variant_v0.8.0__CONTACT_MAPS,CONTACT_MAPS,not_supported_by_model,no_vwf_relevant_biosample_track
CASE_T2B_005_VARIANT_1,VWF_A1461D,gromacs_md,md_20ns_p0__a2_folded_3GXB,a2_folded_3GXB,not_run_out_of_scope,variant_not_in_p0_protocol_cohort
CASE_T2B_005_VARIANT_1,VWF_A1461D,gromacs_md,md_20ns_p0__dprime_d3_6N29,dprime_d3_6N29,not_run_out_of_scope,variant_not_in_p0_protocol_cohort
CASE_T2B_005_VARIANT_1,VWF_A1461D,gromacs_smd,smd_slow025_aim_a1,AIM_A1_7A6O_smd,not_run_out_of_scope,complete_no_go_direction_reversed_excluded_from_classifier
CASE_T2B_005_VARIANT_2_BENIGN,VWF_D2449N,alphagenome,ag_predict_variant_v0.8.0__ATAC,ATAC,not_supported_by_model,no_vwf_relevant_biosample_track
CASE_T2B_005_VARIANT_2_BENIGN,VWF_D2449N,alphagenome,ag_predict_variant_v0.8.0__CONTACT_MAPS,CONTACT_MAPS,not_supported_by_model,no_vwf_relevant_biosample_track
CASE_T2B_005_VARIANT_2_BENIGN,VWF_D2449N,gromacs_md,md_7a6o_aim_a1_50ns_charmm27,AIM_A1_7A6O,not_run_out_of_scope,variant_not_in_7a6o_panel
CASE_T2B_005_VARIANT_2_BENIGN,VWF_D2449N,gromacs_md,md_20ns_p0__a1_gpiba_1SQ0,a1_gpiba_1SQ0,not_run_out_of_scope,variant_not_in_p0_protocol_cohort
CASE_T2B_005_VARIANT_2_BENIGN,VWF_D2449N,gromacs_md,md_20ns_p0__a2_folded_3GXB,a2_folded_3GXB,not_run_out_of_scope,variant_not_in_p0_protocol_cohort
CASE_T2B_005_VARIANT_2_BENIGN,VWF_D2449N,gromacs_md,md_20ns_p0__dprime_d3_6N29,dprime_d3_6N29,not_run_out_of_scope,variant_not_in_p0_protocol_cohort
CASE_T2B_005_VARIANT_2_BENIGN,VWF_D2449N,gromacs_smd,smd_slow025_aim_a1,AIM_A1_7A6O_smd,not_run_out_of_scope,complete_no_go_direction_reversed_excluded_from_classifier
CASE_T2B_006,VWF_R1341W,alphagenome,ag_predict_variant_v0.8.0__ATAC,ATAC,not_supported_by_model,no_vwf_relevant_biosample_track
CASE_T2B_006,VWF_R1341W,alphagenome,ag_predict_variant_v0.8.0__CONTACT_MAPS,CONTACT_MAPS,not_supported_by_model,no_vwf_relevant_biosample_track
CASE_T2B_006,VWF_R1341W,gromacs_md,md_20ns_p0__a2_folded_3GXB,a2_folded_3GXB,not_run_out_of_scope,variant_not_in_p0_protocol_cohort
CASE_T2B_006,VWF_R1341W,gromacs_md,md_20ns_p0__dprime_d3_6N29,dprime_d3_6N29,not_run_out_of_scope,variant_not_in_p0_protocol_cohort
CASE_T2B_006,VWF_R1341W,gromacs_smd,smd_slow025_aim_a1,AIM_A1_7A6O_smd,not_run_out_of_scope,complete_no_go_direction_reversed_excluded_from_classifier
