case_id,bundle,patient_id,variant_row_id,variant_id,gene,variant_type,hgvs_c,hgvs_p,aa_change,assembly,chromosome,position,ref,alt,interval_start,interval_end,coordinate_qc,normalization_source,ag_request_status,boltz_request_status,dedup_key
CASE_T1_001,T1,CASE_T1_001,CASE_T1_001,VWF_A1500V,VWF,错义,c.4499C>T,p.Ala1500Val,A1500V,GRCh38,chr12,6018919.0,G,A,5494631.0,6543207.0,SOURCE_HG19_TO_HG38_NORMALIZED,Ensembl VEP NM_000552.5 / GRCh38,READY,READY,chr12:6018919
CASE_T1_002,T1,CASE_T1_002,CASE_T1_002,VWF_C1950Y,VWF,错义,c.5849G>A,p.Cys1950Tyr,C1950Y,GRCh38,chr12,5996216.0,C,T,5471928.0,6520504.0,SOURCE_HG19_TO_HG38_NORMALIZED,Ensembl VEP NM_000552.5 / GRCh38,READY,READY,chr12:5996216
CASE_T1_003,T1,CASE_T1_003,CASE_T1_003,VWF_G2488syn,VWF,同义,c.7464C>T,p.Gly2488=,,GRCh38,chr12,5971683.0,G,A,5447395.0,6495971.0,SOURCE_HG19_TO_HG38_NORMALIZED,Ensembl VEP NM_000552.5 / GRCh38,READY,NOT_APPLICABLE_NON_MISSENSE,chr12:5971683
CASE_T1_004,T1,CASE_T1_004,CASE_T1_004,VWF_T1_004_CNV,VWF,大片段缺失重复,,,,GRCh38,,,,,,,NORMALIZATION_NOT_AVAILABLE,,NEEDS_HGVS_NORMALIZATION,NOT_APPLICABLE_NON_MISSENSE,
CASE_T1_005,T1,CASE_T1_005,CASE_T1_005,VWF_Y988*,VWF,无义,c.2964C>A,p.Tyr988Ter,Y988*,GRCh38,chr12,6029345.0,G,T,5505057.0,6553633.0,SOURCE_HG19_TO_HG38_NORMALIZED,Ensembl VEP NM_000552.5 / GRCh38,READY,NOT_APPLICABLE_NON_MISSENSE,chr12:6029345
CASE_T1_006,T1,CASE_T1_006,CASE_T1_006,VWF_L2407fs,VWF,移码,c.7219dup,p.Leu2407ProfsTer11,L2407fs,GRCh38,chr12,5981854.0,G,GG,5457566.0,6506142.0,SOURCE_HG19_TO_HG38_NORMALIZED,Ensembl VEP NM_000552.5 / GRCh38,READY,NOT_APPLICABLE_NON_MISSENSE,chr12:5981854
CASE_T1_007,T1,CASE_T1_007,CASE_T1_007,VWF_c3379splicesite,VWF,剪切,c.3379+1G>A,,,GRCh38,chr12,6023630.0,C,T,5499342.0,6547918.0,SOURCE_HG19_TO_HG38_NORMALIZED,Ensembl VEP NM_000552.5 / GRCh38,READY,NOT_APPLICABLE_NON_MISSENSE,chr12:6023630
CASE_T1_008,T1,CASE_T1_008,CASE_T1_008,VWF_P1413L,VWF,错义,c.4238C>T,p.Pro1413Leu,P1413L,GRCh38,chr12,6019180.0,G,A,5494892.0,6543468.0,SOURCE_HG19_TO_HG38_NORMALIZED,Ensembl VEP NM_000552.5 / GRCh38,READY,READY,chr12:6019180
CASE_T1_009,T1,CASE_T1_009,CASE_T1_009,VWF_R1205H,VWF,错义,c.3614G>A,p.Arg1205His,R1205H,GRCh38,chr12,6021960.0,C,T,5497672.0,6546248.0,SOURCE_COORDINATE_MISSING_HGVS_RESOLVED,Ensembl VEP NM_000552.5 / GRCh38,READY,READY,chr12:6021960
CASE_T1_010,T1,CASE_T1_010,CASE_T1_010,VWF_R1943C,VWF,错义,c.5827C>T,p.Arg1943Cys,R1943C,GRCh38,chr12,6011632.0,G,A,5487344.0,6535920.0,SOURCE_COORDINATE_CONFLICT_WITH_HGVS,Ensembl VEP NM_000552.5 / GRCh38,READY,READY,chr12:6011632
CASE_T2B_001,T2B,CASE_T2B_001,CASE_T2B_001,VWF_V1316M,VWF,错义,c.3946G>A,p.Val1316Met,V1316M,GRCh38,chr12,6019472.0,C,T,5495184.0,6543760.0,SOURCE_TO_GRCH38_NORMALIZED,Ensembl VEP NM_000552.5 / GRCh38,READY,READY,chr12:6019472
CASE_T2B_002,T2B,CASE_T2B_002,CASE_T2B_002,VWF_V1316M,VWF,错义,c.3946G>A,p.V1316M,V1316M,GRCh38,chr12,6019472.0,C,T,5495184.0,6543760.0,SOURCE_TO_GRCH38_NORMALIZED,Ensembl VEP NM_000552.5 / GRCh38,READY,READY,chr12:6019472
CASE_T2B_003,T2B,CASE_T2B_003,CASE_T2B_003,VWF_S1310F,VWF,错义,c.3929C>T,p.S1310F,S1310F,GRCh38,chr12,6019489.0,G,A,5495201.0,6543777.0,SOURCE_TO_GRCH38_NORMALIZED,Ensembl VEP NM_000552.5 / GRCh38,READY,READY,chr12:6019489
CASE_T2B_004,T2B,CASE_T2B_004,CASE_T2B_004,VWF_R1308C,VWF,错义,c.3922C>T,p.R1308C,R1308C,GRCh38,chr12,6019496.0,G,A,5495208.0,6543784.0,SOURCE_TO_GRCH38_NORMALIZED,Ensembl VEP NM_000552.5 / GRCh38,READY,READY,chr12:6019496
CASE_T2B_005_VARIANT_1,T2B,CASE_T2B_005,CASE_T2B_005_VARIANT_1,VWF_A1461D,VWF,错义,c.4382C>A,p.A1461D,A1461D,GRCh38,chr12,6019036.0,G,T,5494748.0,6543324.0,SOURCE_TO_GRCH38_NORMALIZED,Ensembl VEP NM_000552.5 / GRCh38,READY,READY,chr12:6019036
CASE_T2B_005_VARIANT_2_BENIGN,T2B,CASE_T2B_005,CASE_T2B_005_VARIANT_2_BENIGN,VWF_D2449N,VWF,错义,c.7345G>A,p.D2449N,D2449N,GRCh38,chr12,5976203.0,C,T,5451915.0,6500491.0,SOURCE_TO_GRCH38_NORMALIZED,Ensembl VEP NM_000552.5 / GRCh38,READY,READY,chr12:5976203
CASE_T2B_006,T2B,CASE_T2B_006,CASE_T2B_006,VWF_R1341W,VWF,错义,c.4021C>T,p.Arg1341Trp,R1341W,GRCh38,chr12,6019397.0,G,A,5495109.0,6543685.0,SOURCE_ALREADY_GRCH38_MATCHED,Ensembl VEP NM_000552.5 / GRCh38,READY,READY,chr12:6019397
