variant_id,aa_change,position,wt_aa,mut_aa,vwf_domain,domain_description,type2_subtype,acmg_classification,acmg_score,mut_pae_self,wt_pae_self,pae_delta_self,mut_local_flex,wt_local_flex,pae_delta_local,domain_avg_pae_delta,domain_max_pae_delta,global_rmsd,local_rmsd_10a,plddt_delta,alphagenome_max_score,splice_delta,domain_relative_position,is_domain_hotspot,cysteine_disruption,charge_change,size_change,subtype_domain_match
VWF_L536P,L536P,536,L,P,D'D3,FVIII binding,type2A,Pathogenic,4,0.8,0.8,0.0,2.1,1.7048780487804875,0.3951219512195121,0,0,,,,4.0,0.0,0.5389344262295082,False,False,0,smaller,False
VWF_G55E,G55E,55,G,E,D1-D2,Signal peptide + Propeptide,type2A,Pathogenic,4,0.8,0.8,0.0,10.904878048780487,4.036585365853659,6.868292682926828,0,0,,,,-,-,0.1992619926199262,False,False,-1,larger,True
VWF_D172N,D172N,172,D,N,D1-D2,Signal peptide + Propeptide,type2A,Likely pathogenic,3,0.8,0.8,0.0,2.348780487804877,2.0853658536585367,0.2634146341463408,0,0,,,,-,-,0.6309963099630996,False,False,1,same,True
VWF_R202Q,R202Q,202,R,Q,D1-D2,Signal peptide + Propeptide,type2A,Uncertain signifi-cance,2,0.8,0.8,0.0,5.078048780487805,4.917073170731707,0.1609756097560977,0,0,,,,2.5,0.0003,0.7416974169741697,False,False,-1,smaller,True
VWF_R202Q,R202Q,202,R,Q,D1-D2,Signal peptide + Propeptide,type2A,Uncertain signifi-cance,2,0.8,0.8,0.0,5.078048780487805,4.917073170731707,0.1609756097560977,0,0,,,,2.5,0.0003,0.7416974169741697,False,False,-1,smaller,True
VWF_R202Q,R202Q,202,R,Q,D1-D2,Signal peptide + Propeptide,type2A,Uncertain signifi-cance,2,0.8,0.8,0.0,5.078048780487805,4.917073170731707,0.1609756097560977,0,0,,,,2.5,-,0.7416974169741697,False,False,-1,smaller,True
VWF_L84F,L84F,84,L,F,D1-D2,Signal peptide + Propeptide,type2A,Uncertain signifi-cance,2,0.8,0.8,0.0,3.5536585365853663,2.0219512195121947,1.5317073170731716,0,0,,,,4.0,0.0,0.3062730627306273,False,False,0,larger,True
VWF_G550R,G550R,550,G,R,D'D3,FVIII binding,type2A,Likely pathogenic,3,0.8,0.8,0.0,2.6195121951219518,1.8731707317073167,0.7463414634146341,0,0,,,,4.0,0.0,0.5676229508196722,False,False,1,larger,False
VWF_T588P,T588P,588,T,P,D'D3,FVIII binding,type2A,Uncertain signifi-cance,2,0.8,0.8,0.0,2.214634146341463,2.0780487804878045,0.1365853658536586,0,0,,,,-,-,0.6454918032786885,False,False,0,same,False
VWF_R202P,R202P,202,R,P,D1-D2,Signal peptide + Propeptide,type2A,Uncertain signifi-cance,2,0.8,0.8,0.0,4.909756097560975,4.917073170731707,-0.0073170731707321,0,0,,,,2.5,0.0003,0.7416974169741697,False,False,-1,smaller,True
VWF_R202P,R202P,202,R,P,D1-D2,Signal peptide + Propeptide,type2A,Uncertain signifi-cance,2,0.8,0.8,0.0,4.909756097560975,4.917073170731707,-0.0073170731707321,0,0,,,,2.5,0.0003,0.7416974169741697,False,False,-1,smaller,True
VWF_R202P,R202P,202,R,P,D1-D2,Signal peptide + Propeptide,type2A,Uncertain signifi-cance,2,0.8,0.8,0.0,4.909756097560975,4.917073170731707,-0.0073170731707321,0,0,,,,2.5,-,0.7416974169741697,False,False,-1,smaller,True
VWF_R202W,R202W,202,R,W,D1-D2,Signal peptide + Propeptide,type2A,Uncertain signifi-cance,2,0.8,0.8,0.0,4.8707317073170735,4.917073170731707,-0.0463414634146337,0,0,,,,2.5,0.0003,0.7416974169741697,False,False,-1,same,True
VWF_R202W,R202W,202,R,W,D1-D2,Signal peptide + Propeptide,type2A,Uncertain signifi-cance,2,0.8,0.8,0.0,4.8707317073170735,4.917073170731707,-0.0463414634146337,0,0,,,,2.5,0.0003,0.7416974169741697,False,False,-1,same,True
VWF_R202W,R202W,202,R,W,D1-D2,Signal peptide + Propeptide,type2A,Uncertain signifi-cance,2,0.8,0.8,0.0,4.8707317073170735,4.917073170731707,-0.0463414634146337,0,0,,,,2.5,-,0.7416974169741697,False,False,-1,same,True
VWF_Y87S,Y87S,87,Y,S,D1-D2,Signal peptide + Propeptide,type2A,Uncertain signifi-cance,2,0.8,0.8,0.0,2.548780487804878,2.1414634146341465,0.4073170731707316,0,0,,,,4.0,-,0.3173431734317343,False,False,0,smaller,True
VWF_A1437T,A1437T,1437,A,T,A3,Collagen binding,type2M,Pathogenic,4,0.8,0.8,0.0,2.346341463414634,2.041463414634147,0.3048780487804872,0,0,,,,4.0,0.0001,0.9372197309417041,False,False,0,same,True
VWF_A1461V,A1461V,1461,A,V,D4,Multimerization,type2B,Likely pathogenic,3,0.8,0.8,0.0,10.192682926829267,9.597560975609756,0.595121951219511,0,0,,,,4.0,0.0003,0.04128440366972477,False,False,0,same,False
VWF_D1498N,D1498N,1498,D,N,D4,Multimerization,type2A,Uncertain signifi-cance,2,0.8,0.8,0.0,8.753658536585368,8.378048780487806,0.3756097560975622,0,0,,,,4.0,0.0,0.21100917431192662,False,False,1,same,True
VWF_D1614G,D1614G,1614,D,G,D4,Multimerization,type2A,Likely pathogenic,3,0.8,0.8,0.0,4.841463414634147,3.053658536585365,1.7878048780487816,0,0,,,,2.5,0.1494,0.7431192660550459,False,False,1,same,True
VWF_D1614G,D1614G,1614,D,G,D4,Multimerization,type2A,Likely pathogenic,3,0.8,0.8,0.0,4.841463414634147,3.053658536585365,1.7878048780487816,0,0,,,,4.0,0.0,0.7431192660550459,False,False,1,same,True
VWF_D1614N,D1614N,1614,D,N,D4,Multimerization,type2A,Likely pathogenic,3,0.8,0.8,0.0,3.448780487804878,3.053658536585365,0.395121951219513,0,0,,,,2.5,0.1494,0.7431192660550459,False,False,1,same,True
VWF_D1614N,D1614N,1614,D,N,D4,Multimerization,type2A,Likely pathogenic,3,0.8,0.8,0.0,3.448780487804878,3.053658536585365,0.395121951219513,0,0,,,,4.0,0.0,0.7431192660550459,False,False,1,same,True
VWF_G1417W,G1417W,1417,G,W,A3,Collagen binding,type2M,Pathogenic,4,0.8,0.8,0.0,5.295121951219512,3.258536585365853,2.036585365853659,0,0,,,,4.0,0.0,0.8475336322869955,False,False,0,larger,True
VWF_G1573S,G1573S,1573,G,S,D4,Multimerization,type2A,Likely pathogenic,3,0.8,0.8,0.0,5.017073170731708,4.378048780487806,0.6390243902439021,0,0,,,,2.5,0.00010000000000000005,0.555045871559633,False,False,0,same,True
VWF_G1609R,G1609R,1609,G,R,D4,Multimerization,type2A,Likely pathogenic,3,0.8,0.8,0.0,2.9390243902439024,2.919512195121951,0.0195121951219512,0,0,,,,4.0,-,0.7201834862385321,False,False,1,larger,True
VWF_G1672R,G1672R,1672,G,R,C1-C2,Integrin binding,type2A,Uncertain signifi-cance,2,0.8,0.8,0.0,13.482926829268292,13.558536585365854,-0.0756097560975614,0,0,,,,4.0,0.0,0.002631578947368421,False,False,1,larger,False
VWF_H1419N,H1419N,1419,H,N,A3,Collagen binding,type2A,Uncertain signifi-cance,2,0.8,0.8,0.0,2.7804878048780486,2.665853658536585,0.1146341463414635,0,0,,,,4.0,0.0,0.8565022421524664,False,False,-1,smaller,False
VWF_I1425F,I1425F,1425,I,F,A3,Collagen binding,type2M,Pathogenic,4,0.8,0.8,0.0,2.119512195121951,1.7000000000000002,0.4195121951219507,0,0,,,,2.5,0.0006,0.8834080717488789,False,False,0,larger,True
VWF_I1628T,I1628T,1628,I,T,D4,Multimerization,type2A,Pathogenic,4,0.8,0.8,0.0,1.804878048780488,1.7341463414634144,0.0707317073170734,0,0,,,,4.0,0.0,0.8073394495412844,False,False,0,smaller,True
VWF_I1649N,I1649N,1649,I,N,D4,Multimerization,type2A,Likely pathogenic,3,0.8,0.8,0.0,1.982926829268293,1.7463414634146344,0.2365853658536583,0,0,,,,-,-,0.9036697247706422,False,False,0,smaller,True
VWF_K1518E,K1518E,1518,K,E,D4,Multimerization,type2A,Likely pathogenic,3,0.8,0.8,0.0,1.8243902439024384,1.8658536585365848,-0.0414634146341466,0,0,,,,2.5,-,0.30275229357798167,False,False,-2,same,True
VWF_L1460F,L1460F,1460,L,F,D4,Multimerization,type2B,Uncertain signifi-cance,2,0.8,0.8,0.0,9.729268292682928,8.517073170731708,1.21219512195122,0,0,,,,4.0,0.0001,0.03669724770642202,False,False,0,larger,False
VWF_L1503Q,L1503Q,1503,L,Q,D4,Multimerization,type2A,Pathogenic,4,0.8,0.8,0.0,5.551219512195122,5.170731707317074,0.3804878048780482,0,0,,,,2.5,0.0014,0.23394495412844038,False,False,0,same,True
VWF_L1657I,L1657I,1657,L,I,D4,Multimerization,type2A,Likely pathogenic,3,0.8,0.8,0.0,3.214634146341464,2.792682926829268,0.4219512195121955,0,0,,,,2.5,0.00019999999999999998,0.9403669724770642,False,False,0,same,True
VWF_M1761K,M1761K,1761,M,K,C1-C2,Integrin binding,type2M,Uncertain signifi-cance,2,0.8,0.8,0.0,4.839024390243902,2.370731707317073,2.468292682926829,0,0,,,,-,-,0.23684210526315788,False,False,1,same,False
VWF_N1635I,N1635I,1635,N,I,D4,Multimerization,type2A,Uncertain signifi-cance,2,0.8,0.8,0.0,2.0682926829268293,2.131707317073171,-0.0634146341463415,0,0,,,,-,-,0.8394495412844036,False,False,0,larger,True
VWF_P1790S,P1790S,1790,P,S,C1-C2,Integrin binding,type2A,Uncertain signifi-cance,2,0.8,0.8,0.0,4.714634146341464,4.7682926829268295,-0.0536585365853659,0,0,,,,-,-,0.3131578947368421,False,False,0,same,False
VWF_R1426C,R1426C,1426,R,C,A3,Collagen binding,type2M,Uncertain signifi-cance,2,0.8,0.8,0.0,1.797560975609756,1.7682926829268293,0.0292682926829266,0,0,,,,-,-,0.8878923766816144,False,True,-1,smaller,True
VWF_R1527Q,R1527Q,1527,R,Q,D4,Multimerization,type2A,Uncertain signifi-cance,2,0.8,0.8,0.0,2.370731707317073,2.421951219512195,-0.051219512195122,0,0,,,,4.0,-,0.3440366972477064,False,False,-1,smaller,True
VWF_R1597W,R1597W,1597,R,W,D4,Multimerization,type2A,Pathogenic,4,0.8,0.8,0.0,4.185365853658537,3.3512195121951223,0.8341463414634145,0,0,,,,4.0,0.0,0.6651376146788991,False,False,-1,same,True
VWF_S1731L,S1731L,1731,S,L,C1-C2,Integrin binding,type2M,Uncertain signifi-cance,2,0.8,0.8,0.0,1.9707317073170727,1.6878048780487809,0.2829268292682922,0,0,,,,4.0,0.0004999999999999999,0.15789473684210525,False,False,0,larger,False
VWF_S1783A,S1783A,1783,S,A,C1-C2,Integrin binding,type2M,Uncertain signifi-cance,2,0.8,0.8,0.0,2.9780487804878053,2.721951219512195,0.2560975609756104,0,0,,,,2.5,0.0001,0.29473684210526313,False,False,0,same,False
VWF_S2775C,S2775C,2775,S,C,CT,C-terminal,type2A,Uncertain signifi-cance,2,0.8,0.8,0.0,5.648780487804879,5.865853658536586,-0.217073170731707,0,0,,,,-,-,0.9500657030223391,False,True,0,same,False
VWF_V1630M,V1630M,1630,V,M,D4,Multimerization,type2A,Likely pathogenic,3,0.8,0.8,0.0,2.5243902439024395,2.053658536585366,0.4707317073170736,0,0,,,,4.0,0.0003,0.8165137614678899,False,False,0,larger,True
VWF_V2465M,V2465M,2465,V,M,CT,C-terminal,type2A,Uncertain signifi-cance,2,0.8,0.8,0.0,6.151219512195122,6.487804878048781,-0.3365853658536588,0,0,,,,0.2188,0.0002,0.5427069645203679,False,False,0,larger,False
VWF_W1745C,W1745C,1745,W,C,C1-C2,Integrin binding,type2M,Likely pathogenic,3,0.8,0.8,0.0,2.580487804878049,2.7707317073170734,-0.1902439024390245,0,0,,,,2.5,0.0233,0.19473684210526315,False,True,0,smaller,False
VWF_C1091R,C1091R,1091,C,R,A2,ADAMTS13 cleavage,type2A,Likely pathogenic,3,0.8,0.8,0.0,5.1414634146341465,4.968292682926829,0.1731707317073176,0,0,,,,-,-,0.2879581151832461,False,True,1,larger,True
VWF_C1190Y,C1190Y,1190,C,Y,A2,ADAMTS13 cleavage,type2A,Pathogenic,4,0.8,0.8,0.0,3.68780487804878,2.2243902439024392,1.463414634146341,0,0,,,,4.0,0.00010000000000000005,0.806282722513089,False,True,0,larger,True
VWF_C788Y,C788Y,788,C,Y,A1,Platelet binding (GPIb),type2N,Pathogenic,4,0.8,0.8,0.0,3.0439024390243903,2.426829268292683,0.6170731707317074,0,0,,,,4.0,9.999999999999996e-05,0.09523809523809523,False,True,0,larger,False
VWF_C799F,C799F,799,C,F,A1,Platelet binding (GPIb),type2N,Likely pathogenic,3,0.8,0.8,0.0,4.248780487804877,3.34390243902439,0.9048780487804872,0,0,,,,-,-,0.13553113553113552,False,True,0,larger,False
VWF_C799F,C799F,799,C,F,A1,Platelet binding (GPIb),type2N,Likely pathogenic,3,0.8,0.8,0.0,4.248780487804877,3.34390243902439,0.9048780487804872,0,0,,,,4.0,0.0004,0.13553113553113552,False,True,0,larger,False
VWF_C849F,C849F,849,C,F,A1,Platelet binding (GPIb),type2N,Pathogenic,4,0.8,0.8,0.0,2.156097560975609,2.0585365853658533,0.0975609756097561,0,0,,,,4.0,0.18359999999999999,0.31868131868131866,False,True,0,larger,False
VWF_C858S,C858S,858,C,S,A1,Platelet binding (GPIb),type2N,Likely pathogenic,3,0.8,0.8,0.0,3.5829268292682928,3.365853658536585,0.2170731707317079,0,0,,,,-,-,0.3516483516483517,False,True,0,same,False
VWF_D1195Y,D1195Y,1195,D,Y,A2,ADAMTS13 cleavage,type2A,Likely pathogenic,3,0.8,0.8,0.0,2.475609756097561,2.568292682926829,-0.0926829268292679,0,0,,,,-,-,0.8324607329842932,False,False,1,larger,True
VWF_D879N,D879N,879,D,N,A1,Platelet binding (GPIb),type2N,Pathogenic,4,0.8,0.8,0.0,1.9707317073170727,2.0463414634146337,-0.0756097560975606,0,0,,,,2.5,0.0,0.42857142857142855,False,False,1,same,False
VWF_E1078K,E1078K,1078,E,K,A2,ADAMTS13 cleavage,type2N,Pathogenic,4,0.8,0.8,0.0,2.0439024390243903,2.0121951219512195,0.0317073170731707,0,0,,,,37.6016,0.0003,0.2198952879581152,False,False,2,same,False
VWF_L797R,L797R,797,L,R,A1,Platelet binding (GPIb),type2N,Likely pathogenic,3,0.8,0.8,0.0,3.1609756097560973,2.7804878048780486,0.3804878048780487,0,0,,,,-,-,0.1282051282051282,False,False,1,larger,False
VWF_Q1053H,Q1053H,1053,Q,H,A2,ADAMTS13 cleavage,type2N,Uncertain signifi-cance,2,0.8,0.8,0.0,2.953658536585366,2.917073170731707,0.036585365853659,0,0,,,,2.5,0.0,0.08900523560209424,False,False,1,same,False
VWF_R760C,R760C,760,R,C,D'D3,FVIII binding,type2N,Uncertain signifi-cance,2,0.8,0.8,0.0,19.43414634146341,18.819512195121952,0.6146341463414622,0,0,,,,2.5,0.0,0.9979508196721312,False,True,-1,smaller,True
VWF_R760C,R760C,760,R,C,D'D3,FVIII binding,type2N,Uncertain signifi-cance,2,0.8,0.8,0.0,19.43414634146341,18.819512195121952,0.6146341463414622,0,0,,,,4.0,0.00019999999999999993,0.9979508196721312,False,True,-1,smaller,True
VWF_R782W,R782W,782,R,W,A1,Platelet binding (GPIb),type2N,Uncertain signifi-cance,2,0.8,0.8,0.0,5.260975609756097,4.734146341463414,0.5268292682926834,0,0,,,,4.0,0.0001,0.07326007326007326,False,False,-1,same,False
VWF_R816Q,R816Q,816,R,Q,A1,Platelet binding (GPIb),type2N,Pathogenic,4,0.8,0.8,0.0,2.534146341463414,2.575609756097561,-0.0414634146341468,0,0,,,,4.0,9.999999999999983e-05,0.1978021978021978,False,False,-1,smaller,False
VWF_R816Q,R816Q,816,R,Q,A1,Platelet binding (GPIb),type2N,Pathogenic,4,0.8,0.8,0.0,2.534146341463414,2.575609756097561,-0.0414634146341468,0,0,,,,4.0,0.0,0.1978021978021978,False,False,-1,smaller,False
VWF_R816W,R816W,816,R,W,A1,Platelet binding (GPIb),type2N,Pathogenic,4,0.8,0.8,0.0,2.395121951219512,2.575609756097561,-0.1804878048780489,0,0,,,,4.0,9.999999999999983e-05,0.1978021978021978,False,False,-1,same,False
VWF_R816W,R816W,816,R,W,A1,Platelet binding (GPIb),type2N,Pathogenic,4,0.8,0.8,0.0,2.395121951219512,2.575609756097561,-0.1804878048780489,0,0,,,,4.0,0.0,0.1978021978021978,False,False,-1,same,False
VWF_R854W,R854W,854,R,W,A1,Platelet binding (GPIb),type2N,Pathogenic,4,0.8,0.8,0.0,3.8536585365853657,3.907317073170732,-0.0536585365853663,0,0,,,,4.0,0.0,0.336996336996337,False,False,-1,same,False
VWF_R854W,R854W,854,R,W,A1,Platelet binding (GPIb),type2N,Pathogenic,4,0.8,0.8,0.0,3.8536585365853657,3.907317073170732,-0.0536585365853663,0,0,,,,2.5,0.08989999999999998,0.336996336996337,False,False,-1,same,False
VWF_R976C,R976C,976,R,C,A1,Platelet binding (GPIb),type2A,Uncertain signifi-cance,2,0.8,0.8,0.0,2.260975609756098,2.2268292682926827,0.0341463414634151,0,0,,,,4.0,0.0,0.7838827838827839,False,True,-1,smaller,False
VWF_W1120S,W1120S,1120,W,S,A2,ADAMTS13 cleavage,type2A,Pathogenic,4,0.8,0.8,0.0,3.224390243902439,2.4121951219512194,0.8121951219512193,0,0,,,,36.0156,0.0007,0.4397905759162304,False,False,0,smaller,True
VWF_Y1107C,Y1107C,1107,Y,C,A2,ADAMTS13 cleavage,type2A,Likely pathogenic,3,0.8,0.8,0.0,1.7609756097560971,1.7000000000000002,0.0609756097560971,0,0,,,,2.5,0.0001,0.3717277486910995,False,True,0,smaller,True
VWF_Y1146C,Y1146C,1146,Y,C,A2,ADAMTS13 cleavage,type2A,Pathogenic,4,0.8,0.8,0.0,2.953658536585366,2.517073170731708,0.436585365853658,0,0,,,,4.0,0.0004,0.5759162303664922,False,True,0,smaller,True
